Q_ID,SolutionPath,Date,TimeSeconds,Difficulty,Note,Result
q-1764771079109-0,,2025-12-04,0,0,"",skipped
q-1764771079109-1,,2025-12-04,0,0,"",skipped
q-1764771079109-1,,2025-12-04,0,0,"",wrong
q-1764771079109-2,,2025-12-04,0,0,"",correct
q-1764771079109-3,,2025-12-04,0,0,"",correct
q-1764771079109-4,,2025-12-04,0,0,"",correct
q-1764771079109-5,,2025-12-04,0,0,"",correct
q-1764771079109-6,,2025-12-04,0,0,"",correct
q-1764771079109-7,,2025-12-04,0,0,"",correct
q-1764771079109-8,,2025-12-04,0,0,"",correct
q-1764771079109-9,,2025-12-04,0,0,"",correct
q-1764771079109-0,,2025-12-04,0,0,"654324 2341 321 .21 12",correct