﻿ExamID,Display Name,Version,Year,School,Filename,Q_ID,Order,Chapter,Difficulty,Time(s),Status,Problem Image,Answer Image,Solution Image,Notes,Extracted Text
exam-1764850236584,114竹北高中,1,114,竹北高中,114竹北高中-物理-試題.pdf,q-1764850236634-0,1,Mechanics,Medium,0,Verified,images/114_竹北高中_114竹北高中_物理_試題_q1_problem.webp,images/114_竹北高中_114竹北高中_物理_試題_q1_answer.webp,,,"地球半徑為 R, 地表重力加速度為 g, 如圖所示任意挖一通道, 所有阻力及地球自轉皆不計, 則一石子 m 自洞口由靜止釋放, 則最大速率為何?"
exam-1764850236584,114竹北高中,1,114,竹北高中,114竹北高中-物理-試題.pdf,q-1764850236634-1,2,Mechanics,Medium,0,Verified,images/114_竹北高中_114竹北高中_物理_試題_q2_problem.webp,images/114_竹北高中_114竹北高中_物理_試題_q2_answer.webp,,,如圖所示，一半徑為 R 的光滑半球形物體固定在水平面上，有一物體(視為質點)置於半 球形物體頂端，自靜止開始順著球面自由下滑，當它脫離半球形物體表面時鉛直落下高度為多少？
exam-1764850236584,114竹北高中,1,114,竹北高中,114竹北高中-物理-試題.pdf,q-1764850236634-2,3,Mechanics,Medium,0,Verified,images/114_竹北高中_114竹北高中_物理_試題_q3_problem.webp,images/114_竹北高中_114竹北高中_物理_試題_q3_answer.webp,,,"一質量為 4kg 的質點, 初速度 \vec{v_0} = 2\hat{i} - 5\hat{j} m/s, 受合力 \vec{F} = (t - 1)\hat{i} + (2t + 1)\hat{j} N 作用, 試求 4 秒內合力作功為多少焦耳?"
exam-1764850236584,114竹北高中,1,114,竹北高中,114竹北高中-物理-試題.pdf,q-1764850236634-3,4,Electromagnetism,Medium,0,Verified,images/114_竹北高中_114竹北高中_物理_試題_q4_problem.webp,images/114_竹北高中_114竹北高中_物理_試題_q4_answer.webp,,,如圖所示，一電荷 q 以速率 v 垂直射入寬度為 d 的均勻磁場 B(磁場方向為穿入紙面) 中，射出磁場時偏向位移為 d/3。則此電荷在磁場中經歷時間為何？
exam-1764850236584,114竹北高中,1,114,竹北高中,114竹北高中-物理-試題.pdf,q-1764850236634-4,5,Modern Physics,Medium,0,Verified,images/114_竹北高中_114竹北高中_物理_試題_q5_problem.webp,images/114_竹北高中_114竹北高中_物理_試題_q5_answer.webp,,,波耳的氫原子模型中，設氫的原子核帶+Ze的電量(Z為原子序)，質量為m的電子帶–e的電量在半徑為r的軌道上，以原子核為圓心作等速率v的圓周運動，且普朗克常數為h、庫侖常數為k、量子數為n，則電子之能量E的量子化關係為何？(請以Z、e、m、h、k、n、π回答)
exam-1764850236584,114竹北高中,1,114,竹北高中,114竹北高中-物理-試題.pdf,q-1764850236634-5,6,Thermodynamics,Medium,0,Verified,images/114_竹北高中_114竹北高中_物理_試題_q6_problem.webp,images/114_竹北高中_114竹北高中_物理_試題_q6_answer.webp,,,有甲、乙兩種單原子理想氣體，其原子的質量分別為 m1、m2，方均根速率分別為 v1、v2，原子數分別為 N1、N2；兩者混合於一體積為 V 的容器中，若混合過程中無能量散失或其他能量進入，且波茲曼常數為 k，平衡後試求乙原子的方均根速率為何？
exam-1764850236584,114竹北高中,1,114,竹北高中,114竹北高中-物理-試題.pdf,q-1764850236634-6,7,Mechanics,Medium,0,Verified,images/114_竹北高中_114竹北高中_物理_試題_q7_problem.webp,images/114_竹北高中_114竹北高中_物理_試題_q7_answer.webp,,,有一質量 4 kg，斜角為 37°的光滑斜面，其上放置質量 5 kg 的木塊，如圖所示，若木塊沿光滑斜面下滑，欲使斜面保持靜止，則斜面底面與地面間的靜摩擦係數至少應為若干？ (g = 10 m/s²)
exam-1764850236584,114竹北高中,1,114,竹北高中,114竹北高中-物理-試題.pdf,q-1764850236634-7,8,Modern Physics,Medium,0,Verified,images/114_竹北高中_114竹北高中_物理_試題_q8_problem.webp,images/114_竹北高中_114竹北高中_物理_試題_q8_answer.webp,,,一金屬材料發生光電效應的最大波長為 λ₀；將此材料製成一 半徑為 R 的圓球，並以絕緣線懸掛於真空室內。若以波長為 λ 的單色光持續照射此金屬球，其中 λ < λ₀，則此球可帶的電量最多為何？(設普朗克常數為 h、光速為 c、庫侖常數為 k、基本電荷為 e)
exam-1764850236584,114竹北高中,1,114,竹北高中,114竹北高中-物理-試題.pdf,q-1764850236634-8,9,Electromagnetism,Medium,0,Verified,images/114_竹北高中_114竹北高中_物理_試題_q9_problem.webp,images/114_竹北高中_114竹北高中_物理_試題_q9_answer.webp,,,如圖所示，半徑為r之半圓形線圈，可藉右側手搖柄處轉動，使線圈在磁場強度為B之均勻磁場中旋轉，檢流計G之內電阻為R，若線圈每秒鐘轉f圈，試求右側手搖柄處搖動線圈所需之最大機械功率為何？
exam-1764850236584,114竹北高中,1,114,竹北高中,114竹北高中-物理-試題.pdf,q-1764850236634-9,10,Mechanics,Medium,0,Verified,images/114_竹北高中_114竹北高中_物理_試題_q10_problem.webp,images/114_竹北高中_114竹北高中_物理_試題_q10_answer.webp,,,一圓盤邊緣繫著一條長度為 1.7 公尺的細繩，繩子的下端接著一個質量為 m 的小球，當圓盤等速率轉動時小球將跟著一起轉動，如圖所示。若希望小球的切線速率為 4m/s，且此時的旋轉半徑為 3m，若 g=10 m/s² 那麼圓轉盤的半徑應設計為幾公尺？
exam-1764850236584,114竹北高中,1,114,竹北高中,114竹北高中-物理-試題.pdf,q-1764850236634-10,11,Circuit,Medium,0,Verified,images/114_竹北高中_114竹北高中_物理_試題_q11_problem.webp,images/114_竹北高中_114竹北高中_物理_試題_q11_answer.webp,,,欲測量電路的電阻，可利用安培計及伏特計同時測量出電流與電壓，再按電阻定義算出電壓與電流的比值即為電阻的測量值；若將內電阻為 rA 的安培計、內電阻為 rV 的伏特計及實際電阻值為 R 的電阻依下面圖示的接法，試問電阻的測量值為何？
exam-1764850236584,114竹北高中,1,114,竹北高中,114竹北高中-物理-試題.pdf,q-1764850236634-11,12,Mechanics,Medium,0,Verified,images/114_竹北高中_114竹北高中_物理_試題_q12_problem.webp,images/114_竹北高中_114竹北高中_物理_試題_q12_answer.webp,,,如下圖所示，質量為m、帶有正電荷的小球繫於長為L的細繩的一端，細繩的另一端固定在O點。假設空間中有水平向右的均勻電場，重力場大小為g方向向下，小球在圖示位置P點呈靜止狀態，此時細繩與鉛垂線夾角為53°。若要使小球自P點出發能繞O點旋轉一周，則小球在P點的初速最小為？
exam-1764850236584,114竹北高中,1,114,竹北高中,114竹北高中-物理-試題.pdf,q-1764850236634-12,13,Electromagnetism,Medium,0,Verified,images/114_竹北高中_114竹北高中_物理_試題_q13_problem.webp,images/114_竹北高中_114竹北高中_物理_試題_q13_answer.webp,,,"如圖所示，兩同心的金屬薄球殼以 O 點為共同球心，其中，外球殼半徑為 4R，內球殼半徑為 R。若在內外球殼之間接上電動勢為 ε 的電池，正極接外球殼，負極接內球殼，且庫倫常數為 k，則內球殼累積的電荷量為？ (請以 ε, R, k 表示)"
exam-1764850236584,114竹北高中,1,114,竹北高中,114竹北高中-物理-試題.pdf,q-1764850236634-13,14,Electromagnetism,Medium,0,Verified,images/114_竹北高中_114竹北高中_物理_試題_q14_problem.webp,images/114_竹北高中_114竹北高中_物理_試題_q14_answer.webp,,,如圖，一圓柱型均勻磁場，其圓心在圖中的O點，半徑為r，今將一電荷質量m，電量+q的質點以速率v0瞄準O點入射，質點於射出磁場瞬間有一偏向角60°，試求：磁場大小為？
exam-1764850236584,114竹北高中,1,114,竹北高中,114竹北高中-物理-試題.pdf,q-1764850236634-14,15,Optics,Medium,0,Verified,images/114_竹北高中_114竹北高中_物理_試題_q15_problem.webp,images/114_竹北高中_114竹北高中_物理_試題_q15_answer.webp,,,波長λ的單色光，垂直射入折射率n、厚度d的薄膜，且薄膜置於空氣中，若要反射光的亮度為最大值，則薄膜的厚度至少為？
exam-1764850236584,114竹北高中,1,114,竹北高中,114竹北高中-物理-試題.pdf,q-1764850236634-15,16,Waves & Oscillations,Medium,0,Verified,images/114_竹北高中_114竹北高中_物理_試題_q16_problem.webp,images/114_竹北高中_114竹北高中_物理_試題_q16_answer.webp,,,一端開口，另一端封閉的玻璃管，在開口端外有長 0.5 公尺，質量為 5 公克，兩端固定，張力為 400 牛頓的弦。已知弦的第五諧音和玻璃管的第二泛音恰能產生共振，當時聲速為 340 公尺/秒，則玻璃管的長度為多少公分？
exam-1764850236584,114竹北高中,1,114,竹北高中,114竹北高中-物理-試題.pdf,q-1764850236634-16,17,Modern Physics,Medium,0,Verified,images/114_竹北高中_114竹北高中_物理_試題_q17_problem.webp,images/114_竹北高中_114竹北高中_物理_試題_q17_answer.webp,,,實驗以電子束照射食鹽晶體，已知在入射角α時，反射的電子束將形成第一級的建設性干涉。若實驗的晶格間距為d，且電子的質量為m_e，普朗克常數為h，則每個電子的能量為？
exam-1764850236584,114竹北高中,1,114,竹北高中,114竹北高中-物理-試題.pdf,q-1764850236634-17,18,Fluid Dynamics,Medium,0,Verified,images/114_竹北高中_114竹北高中_物理_試題_q18_problem.webp,images/114_竹北高中_114竹北高中_物理_試題_q18_answer.webp,,,"如下圖所示,密度為ρ的液柱以速度v,入射平面且不反彈,若入射角為θ,則液面承受的壓力為?"
exam-1764850236584,114竹北高中,1,114,竹北高中,114竹北高中-物理-試題.pdf,q-1764850236634-18,19,Modern Physics,Medium,0,Verified,images/114_竹北高中_114竹北高中_物理_試題_q19_problem.webp,images/114_竹北高中_114竹北高中_物理_試題_q19_answer.webp,,,"電子質量為 m , 被限制於一長度為 L 的線段內往復自由運動。穩定態時，電子在此線段內形成駐波，且線段兩端為節點。若普朗克常數為 h ，則此電子由第三激發態回到第一激發態時放出的光子頻率為？"
exam-1764850236584,114竹北高中,1,114,竹北高中,114竹北高中-物理-試題.pdf,q-1764850236634-19,20,Mechanics,Medium,0,Verified,images/114_竹北高中_114竹北高中_物理_試題_q20_problem.webp,images/114_竹北高中_114竹北高中_物理_試題_q20_answer.webp,,,質量 m 的木塊由高度為 h 的斜面頂端靜止下滑，已知木塊與水平地面的夾角為 θ，且木塊滑到斜面底部的速率為 √(gh) ，g 為重力加速度，則重力於下滑全程所提供的衝量量值為？
exam-1764850236584,114竹北高中,1,114,竹北高中,114竹北高中-物理-試題.pdf,q-1764850236634-20,21,Mechanics,Medium,0,Verified,images/114_竹北高中_114竹北高中_物理_試題_q21_problem.webp,images/114_竹北高中_114竹北高中_物理_試題_q21_answer.webp,,,一光滑平面上，質量為m的A球以初速4v，和原為靜止質量為2m的B球，作斜向彈性碰撞，B球彈開的方向與A球入射的方向夾60°，試求A球之末速大小為何？
exam-1764850236584,114竹北高中,1,114,竹北高中,114竹北高中-物理-試題.pdf,q-1764850236634-21,22,Mechanics,Medium,0,Verified,images/114_竹北高中_114竹北高中_物理_試題_q22_problem.webp,images/114_竹北高中_114竹北高中_物理_試題_q22_answer.webp,,,如圖所示的裝置中，A、B 兩物質量各為 3kg、2kg，動滑輪質量為 1kg，若不計繩子質量及任何摩擦，欲使 A 物體以 2m/s² 之加速度向上運動，則拉力 F 應為多少 N？(已知重力加速度 g=10m/s²)
exam-1764850236584,114竹北高中,1,114,竹北高中,114竹北高中-物理-試題.pdf,q-1764850236634-22,23,Mechanics,Medium,0,Verified,images/114_竹北高中_114竹北高中_物理_試題_q23_problem.webp,images/114_竹北高中_114竹北高中_物理_試題_q23_answer.webp,,,如圖所示，一物體質量為m，以動能K斜向入射於一光滑水平地面，設物體作非彈性碰撞，入射角為θ，反射角為φ，且φ>θ，則碰撞過程物體所受合力的衝量為何？
exam-1764850236584,114竹北高中,1,114,竹北高中,114竹北高中-物理-試題.pdf,q-1764850236634-23,24,Mechanics,Medium,0,Verified,images/114_竹北高中_114竹北高中_物理_試題_q24_problem.webp,images/114_竹北高中_114竹北高中_物理_試題_q24_answer.webp,,,一質量為 M 的滑塊置於光滑水平地面上，且此滑塊為半徑 R、光滑的 1/4 圓弧。今將質量為 m 的物體從圓弧的最高點由靜止自由釋放，如下圖所示。於物體 m 從最高點下降到圓弧最低點的過程中，正向力對 m 的做功為何？
exam-1764850236584,114竹北高中,1,114,竹北高中,114竹北高中-物理-試題.pdf,q-1764850236634-24,25,Circuit,Medium,0,Verified,images/114_竹北高中_114竹北高中_物理_試題_q25_problem.webp,images/114_竹北高中_114竹北高中_物理_試題_q25_answer.webp,,,一電路連接如右圖所示，電池的內電阻以及導線的電阻均可忽略不計，試求ab間的電位差Va-Vb是多少伏特？
exam-1764850236584,114竹北高中,1,114,竹北高中,114竹北高中-物理-試題.pdf,q-1764850236634-25,26,Waves & Oscillations,Medium,0,Verified,images/114_竹北高中_114竹北高中_物理_試題_q26_problem.webp,images/114_竹北高中_114竹北高中_物理_試題_q26_answer.webp,,,"如圖所示，以總質量為M且密度為水的一半之正立方體係在水面底，該正立方體的邊長為L，其頂面恰與水面共平面。假設水面的面積遠大於L², 重力加速度為g，且不考慮水的阻力，則斷繩後，正立方體上下震盪的頻率為？"
exam-1764850236584,114竹北高中,1,114,竹北高中,114竹北高中-物理-試題.pdf,q-1764850236634-26,27,Electromagnetism,Medium,0,Verified,images/114_竹北高中_114竹北高中_物理_試題_q27_problem.webp,images/114_竹北高中_114竹北高中_物理_試題_q27_answer.webp,,,如圖所示，銅條 ab 質量為 m，電阻為 R，長度為 λ，放置在傾斜角度為 θ 的兩平行軌條上。軌條相距為 λ，光滑無摩擦力且不計電阻，整個裝置放在有一鉛直向上之均勻磁場 B 中。假設銅條 ab 未滑下至底部前可達最大速度，則此最大速度為何？ (已知：重力加速度為 g)
exam-1764850236584,114竹北高中,1,114,竹北高中,114竹北高中-物理-試題.pdf,q-1764850236634-27,28,Waves & Oscillations,Medium,0,Verified,images/114_竹北高中_114竹北高中_物理_試題_q28_problem.webp,images/114_竹北高中_114竹北高中_物理_試題_q28_answer.webp,,,如下圖所示，質量 m 的小球從彈力常數為 k 且質量不計的輕彈簧正上方高度 h 處自由落下，並在落下後與彈簧結合，開始做簡諧運動，若重力加速度以 g 表示，則此簡諧運動的振幅為何？
exam-1764850236584,114竹北高中,1,114,竹北高中,114竹北高中-物理-試題.pdf,q-1764850236634-28,29,Electromagnetism,Medium,0,Verified,images/114_竹北高中_114竹北高中_物理_試題_q29_problem.webp,images/114_竹北高中_114竹北高中_物理_試題_q29_answer.webp,,,如圖所示，一對長λ之帶電平行金屬板，兩板間之均勻電場強度為 E，在平行金屬板右側距離為 D 處有一螢幕，今將一質量 m、電量 q 之點電荷以速度 v0 垂直電場方向，由平行金屬板左側射入，若僅考慮靜電力，不考慮重力，且平行金屬板間的距離夠大，以致點電荷不會撞擊到金屬板，試求點電荷在螢幕上之偏向位移為？
exam-1764850236584,114竹北高中,1,114,竹北高中,114竹北高中-物理-試題.pdf,q-1764850236634-29,30,Mechanics,Medium,0,Verified,images/114_竹北高中_114竹北高中_物理_試題_q30_problem.webp,images/114_竹北高中_114竹北高中_物理_試題_q30_answer.webp,,,如圖所示，地表有一人站在一滑車的磅秤上，且滑車在一斜角為 30°之光滑斜面上滑下 來。設此人的質量為 60kg，則滑車上的磅秤讀數為多少 kgw？
exam-1764851534995,114和平高中,1,114,和平高中,114和平高中-物理-試題.pdf,q-1764851535040-0,1,Mechanics,Medium,0,Verified,images/114_和平高中_114和平高中_物理_試題_q1_problem.webp,images/114_和平高中_114和平高中_物理_試題_q1_answer.webp,,,"重力加速度為 10 公尺/秒², 一質量 6.0 公斤的物體在距離地面高度 28 公尺處靜止爆炸，爆炸瞬間分裂為兩碎片，且同時沿鉛直方向飛離。在爆炸後 2.0 秒時，其中一碎片恰落地，而另一碎片尚距離地面 24 公尺高。忽略空氣阻力與物體因爆炸而損失的質量，物體爆炸後的瞬間，動能約增加_______焦耳。"
exam-1764851534995,114和平高中,1,114,和平高中,114和平高中-物理-試題.pdf,q-1764851535040-1,2,Mechanics,Medium,0,Verified,images/114_和平高中_114和平高中_物理_試題_q2_problem.webp,images/114_和平高中_114和平高中_物理_試題_q2_answer.webp,,,一長度 5.0 m、質量 40 kg 的均勻鋁梯，梯子所受重力集中在梯子中心。當梯子斜倚在光滑牆壁上，梯子頂端的高度為 4.0 m，梯子底端與牆角的距離為 3.0 m，且重力加速度 g 為 10 m/s²，梯子與水平地面間的靜摩擦係數為 0.40。若質量 30 kg 的幼童軍沿梯子向上移動，且梯子能維持靜止不致滑倒，該童軍在鋁梯上能夠到達的最大高度約為 _______ m。
exam-1764851534995,114和平高中,1,114,和平高中,114和平高中-物理-試題.pdf,q-1764851535040-2,3,Waves & Oscillations,Medium,0,Verified,images/114_和平高中_114和平高中_物理_試題_q3_problem.webp,images/114_和平高中_114和平高中_物理_試題_q3_answer.webp,,,"在聲速 340 m/s 的實驗室做氣柱共鳴實驗，測得一上端開口、下端封閉的空玻璃管的管內空氣有 204 Hz, 340 Hz, 476 Hz 等振動頻率，但此三頻率皆非空氣振動基本頻率。此玻璃管的最小管長約為 ______ cm。"
exam-1764851534995,114和平高中,1,114,和平高中,114和平高中-物理-試題.pdf,q-1764851535040-3,4,Waves & Oscillations,Medium,0,Verified,images/114_和平高中_114和平高中_物理_試題_q4_problem.webp,images/114_和平高中_114和平高中_物理_試題_q4_answer.webp,,,使用適切的頻率來回撥動貯水槽裡的水，可產生駐波，使貯水槽壁兩邊的水同時一邊高，另一邊也高；而一邊低時，另一邊也低。若水的波速為 1.0 m/s，貯水槽壁兩邊距離 75 cm，則下列何者為適切的頻率？ (A)1/3 Hz (B)2/3 Hz (C)1 Hz (D)4/3 Hz (E)2 Hz
exam-1764851534995,114和平高中,1,114,和平高中,114和平高中-物理-試題.pdf,q-1764851535040-4,5,Thermodynamics,Medium,0,Verified,images/114_和平高中_114和平高中_物理_試題_q5_problem.webp,images/114_和平高中_114和平高中_物理_試題_q5_answer.webp,,,有一密閉絕熱容器，以隔板將其隔成體積比為 1 : 2 的左右兩室，左室裝入 1 atm、溫度 300 K 的氦氣，右室裝入 2 atm、溫度 600 K 的氦氣。若拆除隔板使兩室氣體混合，則混合後氦氣的平衡溫度為 _______ K。
exam-1764851534995,114和平高中,1,114,和平高中,114和平高中-物理-試題.pdf,q-1764851535040-5,6,Astrophysics,Medium,0,Verified,images/114_和平高中_114和平高中_物理_試題_q6_problem.webp,images/114_和平高中_114和平高中_物理_試題_q6_answer.webp,,,一雙星系統的兩星體圍繞它們的系統質量中心等速圓周運動，已知週期皆為 T，兩星體之間的距離為 d，萬有引力常數為 G，此雙星系統的總質量為
exam-1764851534995,114和平高中,1,114,和平高中,114和平高中-物理-試題.pdf,q-1764851535040-6,7,Mechanics,Medium,0,Verified,images/114_和平高中_114和平高中_物理_試題_q7_problem.webp,images/114_和平高中_114和平高中_物理_試題_q7_answer.webp,,,一質量為 M、半徑為 R 的圓柱體，相對於圓柱中心為轉軸的轉動慣量 I_{cm} = \frac{1}{2}MR^2，以一條質量可不計且力常數為 3.00 N/m 的輕彈簧連結圓柱中心至一固定牆面，如圖所示。將彈簧從平衡點伸長 0.250 m 時靜止釋放，若圓柱體在水平平面上滾動而無任何滑動，不計任何能量損耗，則整個系統的最大平移動能為 J。
exam-1764851534995,114和平高中,1,114,和平高中,114和平高中-物理-試題.pdf,q-1764851535040-7,8,Mechanics,Medium,0,Verified,images/114_和平高中_114和平高中_物理_試題_q8_problem.webp,images/114_和平高中_114和平高中_物理_試題_q8_answer.webp,,,"一單擺擺長度為L,擺錘質量為m,擺繩的質量可以不計,且忽視所有摩擦力,重力加速度g。當單擺作小角度擺動時,若單擺的最大擺角為θ,則單擺從最低點向右運動,經半週期回到最低點時,定方向向上為正,以單位向量表示答案,此單擺受重力造成的衝量為________。
承接上一題第,此單擺受繩子張力造成的衝量為________。"
exam-1764851534995,114和平高中,1,114,和平高中,114和平高中-物理-試題.pdf,q-1764851535040-8,9,Circuit,Medium,0,Verified,images/114_和平高中_114和平高中_物理_試題_q9_problem.webp,images/114_和平高中_114和平高中_物理_試題_q9_answer.webp,,,一電路包含電池和電阻元件，如圖所示，不考慮電池的內電阻，a、b兩點間的電位差為_____V。
exam-1764851534995,114和平高中,1,114,和平高中,114和平高中-物理-試題.pdf,q-1764851535040-9,10,Electromagnetism,Medium,0,Verified,images/114_和平高中_114和平高中_物理_試題_q10_problem.webp,images/114_和平高中_114和平高中_物理_試題_q10_answer.webp,,,一般將高壓氣體充入氣球內可使氣球鼓脹，若在氣球表面塗上一層導電漆，使氣球表面成為導體，再用高壓電源接觸一原先鬆軟但表面導電的氣球，發現氣球也可逐漸膨脹成正圓球形。以物理概念判斷，氣球表面因高壓充電而帶電荷，表面電荷之間的相互排斥作用力，使氣球膨脹，也可解釋因高壓充電使氣球表面附近產生電場，電場作用於電荷使氣球表面受有向外的力，因而膨脹。若可忽略氣球開口的邊緣效應，庫侖常數 k 為 9.0×10^9 N·m^2/C^2，已知能使空氣游離的電場強度為 3.0 MV/m，若膨脹後的氣球半徑為 10 cm，則不致使氣球放電的最高外加電壓可達________伏特。
exam-1764851534995,114和平高中,1,114,和平高中,114和平高中-物理-試題.pdf,q-1764851535040-10,11,Mechanics,Medium,0,Verified,images/114_和平高中_114和平高中_物理_試題_q11_problem.webp,images/114_和平高中_114和平高中_物理_試題_q11_answer.webp,,,質量各為 m1 和 m2 的木塊甲與乙，如圖所示，分別以 v1 及 v2 的速度在一光滑平面上沿相同方向直線運動。已知 v1>v2，若質量 m2 的乙木塊連接力常數為 k 的理想輕彈簧，則彈簧最大壓縮量為
exam-1764851534995,114和平高中,1,114,和平高中,114和平高中-物理-試題.pdf,q-1764851535040-11,12,Electromagnetism,Medium,0,Verified,images/114_和平高中_114和平高中_物理_試題_q12_problem.webp,images/114_和平高中_114和平高中_物理_試題_q12_answer.webp,,,已知μ₀為真空磁導率，長度為L₁、L₂的兩條相同材料及粗細的電阻線圈成一圓，如圖所示，若電流I由P點流入，從Q點流出，則長度為L₁線段在圓心O點建立的磁場量值為_______。
exam-1764851534995,114和平高中,1,114,和平高中,114和平高中-物理-試題.pdf,q-1764851535040-12,13,Astrophysics,Medium,0,Verified,images/114_和平高中_114和平高中_物理_試題_q13_problem.webp,images/114_和平高中_114和平高中_物理_試題_q13_answer.webp,,,一人造衛星在距地心R_1為r的圓形軌道1運轉，今欲使人造衛星升高運行高度至距地心R_3為3r的圓軌道3穩定運轉，如圖所示。其過程需先將衛星在軌道1的A點加速後，依橢圓軌道2運轉到達B點再加速，接著循圓軌道3運轉。軌道1、2相切於A點，軌道2、3相切於B點。若人造衛星在軌道3正常運轉時的週期為T、動能為K，不考慮阻力，且定無窮遠處重力位能為零，則欲使人造衛星由軌道1的A點可順利運行到軌道2的B點，需補充能量__________。
exam-1764851534995,114和平高中,1,114,和平高中,114和平高中-物理-試題.pdf,q-1764851535040-13,14,Education,Medium,0,Verified,images/114_和平高中_114和平高中_物理_試題_q14_problem.webp,,,,請條列說明高三選修物理單元中「電子的荷質比」實驗的目的(2分)與原理(8分)。
exam-1764851534995,114和平高中,1,114,和平高中,114和平高中-物理-試題.pdf,q-1764851535040-14,15,Education,Medium,0,Verified,images/114_和平高中_114和平高中_物理_試題_q15_problem.webp,,,,在探究與實作的課程中，物理科教師引導學生設計一實驗，量測木盒與塑膠板之間的動摩擦係數。實驗室提供可能用到的裝置器材，例如，可黏貼固定在牆壁上的掛鉤、光滑可忽略摩擦力的實驗桌、彈簧秤、可裝砝碼的木盒、不同質量的砝碼數個、大塊塑膠板等。回答下列問題：(1)簡要說明操作步驟。(4 分)(2)簡要說明以上設計的優缺點與造成不確定度的原因。(6 分)
exam-1764851534995,114和平高中,1,114,和平高中,114和平高中-物理-試題.pdf,q-1764851535040-15,16,Education,Medium,0,Verified,images/114_和平高中_114和平高中_物理_試題_q16_problem.webp,,,,繪圖與推導薄透鏡近軸光線的成像公式：1/p + 1/q = 1/f 。p 為物距，q 為像距，f 為焦距。(4分) 為探討和說明眼睛看物體的成像機制，將人眼成像機制簡化成等效模型，如圖所示，圖中的凸透鏡相當於眼球的透鏡功能，凸透鏡前方表面如同人眼的角膜位置，成像面代表人眼視網膜位置。等效模型的凸透鏡前後介質的折射率n皆為1，而成像面在透鏡後方28 mm處，正常視力的意義是指在觀測一個在無窮遠處的目標物如一面國旗時，此目標物的成像恰在視網膜的成像面。一名罹患近視眼的學生，未配戴矯正鏡片時，觀測很遠的一面國旗，此時國旗的成像處卻在圖中等效模型中透鏡後方25 mm處，該名學生若未配戴矯正鏡片，卻想看到這面國旗的清楚影像，則國旗最遠可插在透鏡前方多少 cm 處？(3分) 承接上題，上一題的答案說明這名罹患近視眼的學生，在近視狀況能清楚看見物體的最遠距離。若要矯正該學生的視力，宜就醫診斷，專業醫師引導該生配戴適宜鏡片，矯正後才能具有正常視力。若此鏡置於上圖等效模型的凸透鏡前方20 mm處，則此鏡片應為何種透鏡？(1分) 焦距約為多少 cm？(2分)
exam-1764851534995,114和平高中,1,114,和平高中,114和平高中-物理-試題.pdf,q-1764851535040-16,17,Education,Medium,0,Verified,images/114_和平高中_114和平高中_物理_試題_q17_problem.webp,,,,今年是量子力學 100 週年，也是量子科技年。回答下列問題：(1)說明物理學家波耳在 1913 年提出的氫原子模型理論。(2 分)(2)闡述德布羅意的物質波理論與波耳氫原子模型理論的相關性 (4 分)。(3)說明 2022 年諾貝爾物理學獎的得獎主題，並簡要描述此主題對現代科技發展的意義。(4 分)。
exam-1764852541623,114松山高中,1,114,松山高中,114松山高中-物理-試題、解答.pdf,q-1764852541658-0,1,Mechanics,Medium,0,Verified,images/114_松山高中_114松山高中_物理_試題_解答_q1_problem.webp,images/114_松山高中_114松山高中_物理_試題_解答_q1_answer.webp,,,如圖所示，從點P以時間差t先後拋出A、B兩球，A和B都做拋物線運動，並在Q點相遇。A、B兩球的初速度大小都是50m/s，與水平方向的夾角分別為θ1和θ2，已知tanθ1 = 4/3，tanθ2 = 3/4。重力加速度g = 10m/s²，求時間差t為何？
exam-1764852541623,114松山高中,1,114,松山高中,114松山高中-物理-試題、解答.pdf,q-1764852541658-1,2,Mechanics,Medium,0,Pending,images/114_松山高中_114松山高中_物理_試題_解答_q2_problem.webp,images/114_松山高中_114松山高中_物理_試題_解答_q2_answer.webp,,,"考慮兩個同心的均勻薄球殼, 內殼的半徑為R1、質量為M1; 外殼的半徑為R2、質量為M2。質量為m的質點最初位於無窮遠處, 並且移動到與圓心距離為r的最終位置, 其中R1 < r < R2 (假設質點可以穿透球殼), G為萬有引力常數。試求在上述運動中兩個薄球殼重力對m所作的功為何？"
exam-1764852541623,114松山高中,1,114,松山高中,114松山高中-物理-試題、解答.pdf,q-1764852541658-2,3,Mechanics,Medium,0,Pending,images/114_松山高中_114松山高中_物理_試題_解答_q3_problem.webp,images/114_松山高中_114松山高中_物理_試題_解答_q3_answer.webp,,,質量3m、底角30°的斜面固定在磅秤上，如右圖所示，質量為m的木塊從斜面上無摩擦下滑，重力加速度為g，則木塊下滑的過程中，磅秤上的讀數為何?
exam-1764852541623,114松山高中,1,114,松山高中,114松山高中-物理-試題、解答.pdf,q-1764852541658-3,4,Optics,Medium,0,Pending,images/114_松山高中_114松山高中_物理_試題_解答_q4_problem.webp,images/114_松山高中_114松山高中_物理_試題_解答_q4_answer.webp,,,雙狹縫干涉實驗的困難處，在於不容易產生好的同調光，1834 年英國科學家洛埃用不同於楊格的方法，也在屏幕上產生干涉 條紋。洛埃的做法是將光源放在平面鏡前，利用直進光與經過 平面鏡的反射光進行干涉，如右圖所示。已知光源的波長為 5000 埃、光源到平面鏡的距離為 1.00 公分，光源到屏幕的距 離為 1.00 公尺，則屏幕上干涉條紋中，暗紋間距為何？
exam-1764852541623,114松山高中,1,114,松山高中,114松山高中-物理-試題、解答.pdf,q-1764852541658-4,5,Circuit,Medium,0,Verified,images/114_松山高中_114松山高中_物理_試題_解答_q5_problem.webp,images/114_松山高中_114松山高中_物理_試題_解答_q5_answer.webp,,,在如圖所示的電路中，當a、c兩端加上20V的電壓時，測得b、d兩端的電壓為10V；若改在b、d兩端加上20V的電壓，測得a、c兩端的電壓為多少？
exam-1764852541623,114松山高中,1,114,松山高中,114松山高中-物理-試題、解答.pdf,q-1764852541658-5,6,Electromagnetism,Medium,0,Verified,images/114_松山高中_114松山高中_物理_試題_解答_q6_problem.webp,images/114_松山高中_114松山高中_物理_試題_解答_q6_answer.webp,,,"一靜止物體在垂直穿入紙面的磁場(B)中分裂為甲、乙兩塊, 甲物體的質量為 3m/4、電量為+2q/3; 乙物體的質量為m/4、電量為+q/3, 甲的運動軌跡如 右圖所示, 且知其旋轉半徑為R, 試求分裂時轉變成動能的能量為何?"
exam-1764852541623,114松山高中,1,114,松山高中,114松山高中-物理-試題、解答.pdf,q-1764852541658-6,7,Electromagnetism,Medium,0,Verified,images/114_松山高中_114松山高中_物理_試題_解答_q7_problem.webp,images/114_松山高中_114松山高中_物理_試題_解答_q7_answer.webp,,,"平面上的電場 E = ayx̂ + axŷ, 其中 a 為常數、x̂ 與 ŷ 分別為 x 軸的單位向量以及 y 軸的單位向量，若將坐標原點(0,0)的電位取為零，求出點(x,y)的電位為何？"
exam-1764852541623,114松山高中,1,114,松山高中,114松山高中-物理-試題、解答.pdf,q-1764852541658-7,8,Mechanics,Medium,0,Verified,images/114_松山高中_114松山高中_物理_試題_解答_q8_problem.webp,images/114_松山高中_114松山高中_物理_試題_解答_q8_answer.webp,,,阻攔索(Arresting gear)當教練機要著陸在航空母艦上時，有一種用來減低飛機速率的方法：讓飛機的尾端鉤住一條重鍊條的前端，而鍊條原本堆置在甲板下方，如下圖所示。假設飛機的質量為m、剛著陸的速度為v₀、鍊條的線密度為μ，忽略其他阻力及鍊鍊的高度變化。請問當飛機的速度為v時，算出鍊條作用於飛機的力F的量值為何？
exam-1764852541623,114松山高中,1,114,松山高中,114松山高中-物理-試題、解答.pdf,q-1764852541658-8,9,Mechanics,Medium,0,Verified,images/114_松山高中_114松山高中_物理_試題_解答_q9_problem.webp,images/114_松山高中_114松山高中_物理_試題_解答_q9_answer.webp,,,如下圖所示，某板車上載有一質量為 4 公斤的紙箱(紙箱體積可以忽略)，紙箱和板車間的動摩擦力 4 牛頓、最大靜摩擦力為 4.5 牛頓，如果定水平向右為 +x 軸方向，重力加速度為 10.0 m/s²。若板車在水平直線道路上，由靜止開始運動的速度 v 與時間 t 關係圖如右下圖所示，則板車的長度至少需多少公尺，紙箱才不會掉出板車。
exam-1764852541623,114松山高中,1,114,松山高中,114松山高中-物理-試題、解答.pdf,q-1764852541658-9,10,Mechanics,Medium,0,Verified,images/114_松山高中_114松山高中_物理_試題_解答_q10_problem.webp,images/114_松山高中_114松山高中_物理_試題_解答_q10_answer.webp,,,如右圖所示，兩均勻鋁梯以鉸鏈連接在 A 點，並且靜置於光滑水平地面，距地面 h/4 高度處有一水平細繩連接兩梯，使兩梯間恰成 60° 而平衡。設兩梯等長但重量不等，左梯重 W，右梯重 2W，則細繩張力大小為若干？
exam-1764852541623,114松山高中,1,114,松山高中,114松山高中-物理-試題、解答.pdf,q-1764852541658-10,11,Mechanics,Medium,0,Verified,images/114_松山高中_114松山高中_物理_試題_解答_q11_problem.webp,images/114_松山高中_114松山高中_物理_試題_解答_q11_answer.webp,,,如右圖所示，沙粒放在漏斗中，並在時間 t=0 時打開漏斗出口使沙粒開始穩定流出。漏斗出口與磅秤平台的距離 h 為 5 公尺，磅秤平台所受的力不只是沙粒的重力，而且也包括衝擊力。如果每顆沙粒的平均質量約為 0.01 公克，且每秒流出 1000 顆沙粒。請問 t=5 sec 時，磅秤讀數為多少公克重？
exam-1764852541623,114松山高中,1,114,松山高中,114松山高中-物理-試題、解答.pdf,q-1764852541658-11,12,Mechanics,Medium,0,Verified,images/114_松山高中_114松山高中_物理_試題_解答_q12_problem.webp,images/114_松山高中_114松山高中_物理_試題_解答_q12_answer.webp,,,"有一輛車以加速度√3g水平前進(g 為重力加速度), 車上之人以相對於車的速率 v 向上拋一球, 若不計空氣阻力, 請問小球在空中飛行過程中, 相對於車上之人的最低速率為何?"
exam-1764852541623,114松山高中,1,114,松山高中,114松山高中-物理-試題、解答.pdf,q-1764852541658-12,13,Thermodynamics,Medium,0,Verified,images/114_松山高中_114松山高中_物理_試題_解答_q13_problem.webp,images/114_松山高中_114松山高中_物理_試題_解答_q13_answer.webp,,,一汽缸內油氣點燃時，氣體的溫度為T₁K，壓力為p，體積為v，當氣體體積膨脹後溫度為T₂K，假設氣體為理想氣體，且為絕熱膨脹，求活塞對外界所作的功為若干？
exam-1764852541623,114松山高中,1,114,松山高中,114松山高中-物理-試題、解答.pdf,q-1764852541658-13,14,Optics,Medium,0,Verified,images/114_松山高中_114松山高中_物理_試題_解答_q14_problem.webp,images/114_松山高中_114松山高中_物理_試題_解答_q14_answer.webp,,,某顯微鏡的物鏡焦距為 2.5cm，目鏡焦距為 5.0cm，兩鏡相距 18.0cm，假設觀察者的明視距離為 20.0cm，則要將觀察的物體調整至距物鏡多少公分處？
exam-1764852541623,114松山高中,1,114,松山高中,114松山高中-物理-試題、解答.pdf,q-1764852541658-14,15,Electromagnetism,Medium,0,Verified,images/114_松山高中_114松山高中_物理_試題_解答_q15_problem.webp,images/114_松山高中_114松山高中_物理_試題_解答_q15_answer.webp,,,中空圓筒形導體中的電流所產生的磁場，會對其載流粒子施加磁力，故被用來設計能提供安全核能且燃料不虞匱乏的核熔合反應器。如右圖所示為筒壁很薄、半徑為 R 的鉛製長直圓筒，電流 I 平行於筒軸穩定流動，均勻通過筒壁各截面，而可當作為 n 條完全相同且平行的長直載流導線，每條導線的電流都為 i = I/n。若 n 比 1 大得多，則每單位面積垂直作用於筒壁的磁力為若干？(答案以 I、R 表示)
exam-1764852541623,114松山高中,1,114,松山高中,114松山高中-物理-試題、解答.pdf,q-1764852541658-15,16,Waves & Oscillations,Medium,0,Verified,images/114_松山高中_114松山高中_物理_試題_解答_q16_problem.webp,images/114_松山高中_114松山高中_物理_試題_解答_q16_answer.webp,,,台灣首艘國造潛艦「海鯤號」於2024年9月底完成下水儀式，為了測試潛艦最快航速，在潛艦的水平航道上架設聲納測速儀，對潛艦進行測速。假設潛艦以最大航速等速度航行，下圖(a)為潛艦與測速儀器在同一水平直線上的相對位置關係，偵測結果如下圖(b)所示，其中S₁、S₂表示儀器發出的訊號，r₁、r₂為由潛艦反射後接收到的訊號，假設聲納測速儀每秒發射f個訊號，海水中的聲速為v_w (m/s)，且1/f > Δt₁ > Δt₂，則根據圖(b)可推估潛艦的最快航速為若干？
exam-1764852541623,114松山高中,1,114,松山高中,114松山高中-物理-試題、解答.pdf,q-1764852541658-16,17,Mechanics,Medium,0,Verified,images/114_松山高中_114松山高中_物理_試題_解答_q17_problem.webp,images/114_松山高中_114松山高中_物理_試題_解答_q17_answer.webp,,,質量為 m 的汽車在曲率半徑為 R 的道路上轉彎，路面傾斜角為 θ，重力加速度為 g。若輪胎與地面靜摩擦係數為 μs，動摩擦係數為 μk，請問汽車過彎最大速率為何？
exam-1764852541623,114松山高中,1,114,松山高中,114松山高中-物理-試題、解答.pdf,q-1764852541658-17,18,Mechanics,Medium,0,Verified,images/114_松山高中_114松山高中_物理_試題_解答_q18_problem.webp,images/114_松山高中_114松山高中_物理_試題_解答_q18_answer.webp,,,"有一質量為 M, 半徑 R 質量均勻分佈的軟圓環, 繞其中心軸在水平面以角速度 ω 旋轉, 請問此圓環的張力 T 為何?"
exam-1764852541623,114松山高中,1,114,松山高中,114松山高中-物理-試題、解答.pdf,q-1764852541658-18,19,Mechanics,Medium,0,Verified,images/114_松山高中_114松山高中_物理_試題_解答_q19_problem.webp,images/114_松山高中_114松山高中_物理_試題_解答_q19_answer.webp,,,如圖，一根長L的細桿一端及正中央分別連接質量m的物體，若細桿鉛直懸掛且可繞O點自由旋轉，今有一質量也為m的泥球以水平速度v撞擊下方之物體後合為一體，若撞擊後此細桿可繞O點鉛直過最高點旋轉，請問速度v至少為何？(物體遠小於細桿長度L，重力加速度為g)
exam-1764852541623,114松山高中,1,114,松山高中,114松山高中-物理-試題、解答.pdf,q-1764852541658-19,20,Waves & Oscillations,Medium,0,Verified,images/114_松山高中_114松山高中_物理_試題_解答_q20_problem.webp,images/114_松山高中_114松山高中_物理_試題_解答_q20_answer.webp,,,如圖，一彈力常數k的理想彈簧鉛直放置，上方固定一個質量m的木塊，若將一質量m的木塊自m上方h處由靜止釋放，落下後兩木塊合為一體振動，若重力加速度為g，請問合體後振盪的振幅大小為何？
exam-1764852541623,114松山高中,1,114,松山高中,114松山高中-物理-試題、解答.pdf,q-1764852541658-20,21,Mechanics,Medium,0,Verified,images/114_松山高中_114松山高中_物理_試題_解答_q21_problem.webp,images/114_松山高中_114松山高中_物理_試題_解答_q21_answer.webp,,,"有一小車質量為 M, 車內壁 AB 為一光滑半圓, 半徑為 R, 車的左邊靠著牆壁, 若不計車與地面摩擦力, 將質量為 m 的小球由 A 點上方 R 處自由落下, 小球沿著 AB 弧面離開後能達到距 B 點最大高度為何?"
exam-1764852541623,114松山高中,1,114,松山高中,114松山高中-物理-試題、解答.pdf,q-1764852541658-21,22,Electromagnetism,Medium,0,Verified,images/114_松山高中_114松山高中_物理_試題_解答_q22_problem.webp,images/114_松山高中_114松山高中_物理_試題_解答_q22_answer.webp,,,如圖，有一長為 A，寬為 B 的線圈 abcd，在水平均勻磁場 B 中繞 OO'軸旋轉，若旋轉角速度為 ω，令圖示瞬間 t=0，且線圈面恰與磁場平行，此時 ab 邊轉入紙面，cd 邊轉出紙面，若令電流 abcd 為正方向，請問此線圈的電動勢隨時間關係為何？
exam-1764852541623,114松山高中,1,114,松山高中,114松山高中-物理-試題、解答.pdf,q-1764852541658-22,23,Thermodynamics,Medium,0,Verified,images/114_松山高中_114松山高中_物理_試題_解答_q23_problem.webp,images/114_松山高中_114松山高中_物理_試題_解答_q23_answer.webp,,,如圖，固定質量的理想氣體，由狀態 A 等溫變化至狀態 B，再由狀態 B 定容變化至狀態 C，已知氣體由 A 至 B 過程吸熱 Q1，由 B 至 C 過程放熱 Q2，請問氣體由 A 至 C 的過程內能變化為何？(須說明增加或減少多少量值)
exam-1764852541623,114松山高中,1,114,松山高中,114松山高中-物理-試題、解答.pdf,q-1764852541658-23,24,Waves & Oscillations,Medium,0,Verified,images/114_松山高中_114松山高中_物理_試題_解答_q24_problem.webp,images/114_松山高中_114松山高中_物理_試題_解答_q24_answer.webp,,,如圖所示，同相點波源 S1 及 S2，相距 12 m，各自發出波長為 2 m 的圓形波。小智由 S1 出發，垂直波源連線方向前進 9 m 到達 P 點，則途中會經過幾條節線？
exam-1764852541623,114松山高中,1,114,松山高中,114松山高中-物理-試題、解答.pdf,q-1764852541658-24,25,Education,Medium,0,Verified,images/114_松山高中_114松山高中_物理_試題_解答_q25_problem.webp,,,,在光滑水平面上，有一正三角形的均勻面板，現以如圖所示的幾種方式施水平力，圖中各力的量值都相等（施力與面板邊緣的夾角為0°、60°、90°、120°或150°）。試問下列圖中，哪些施力方式會使面板轉動而不會移動？這是某年的指考題目，正確答案為丙、丁，但學生問如果看乙圖，若以三角形面板的左下頂點A為支點，合力矩就不為零，為什麼不會繞A轉動？要如何回答？ (5分)
exam-1764852541623,114松山高中,1,114,松山高中,114松山高中-物理-試題、解答.pdf,q-1764852541658-25,26,Mechanics,Medium,0,Verified,images/114_松山高中_114松山高中_物理_試題_解答_q26_problem.webp,,,,"斜邊長度為 L, 傾斜角度 θ 的斜面上有一直徑 R, 質量為 M 的實心圓柱, 由頂端滾動下來, 若接觸點無相對滑動, 請問: (1) 請證明實心圓柱繞中央軸的轉動慣量為 1/2 MR^2 (2 分) (2) 滾動時此圓柱的質心加速度大小為何? (3 分)"
exam-1764852541623,114松山高中,1,114,松山高中,114松山高中-物理-試題、解答.pdf,q-1764852541658-26,27,Education,Medium,0,Verified,images/114_松山高中_114松山高中_物理_試題_解答_q27_problem.webp,,,,有一水箱盛水20cm深，水面下8cm處有一點光源S，水箱底部為一焦距為10cm的凹面鏡，請計算推導(2分)並畫出光路圖(3分)，說明點光源S的成像位置。
exam-1764852541623,114松山高中,1,114,松山高中,114松山高中-物理-試題、解答.pdf,q-1764852541658-27,28,Education,Medium,0,Verified,images/114_松山高中_114松山高中_物理_試題_解答_q28_problem.webp,,,,如下圖，有一水槽放置一木塊，靜置於磅秤上量到的讀數為W，今將此木塊由高處落入水中，當整個木塊沒入水中還在向下運動時，磅秤讀數為W_1，當木塊到達最低點時，磅秤讀數為W_2，當木塊開始上浮但尚未露出水面時磅秤讀數為W_3，請問W_1、W_2、W_3分別大於、等於或小於W？請說明原因。(5分)
exam-1764852541623,114松山高中,1,114,松山高中,114松山高中-物理-試題、解答.pdf,q-1764852541658-28,29,Education,Medium,0,Verified,images/114_松山高中_114松山高中_物理_試題_解答_q29_problem.webp,,,,請以”熱”為主題，規劃一個適合高中生在實驗室探究實作的課程，內容需包括：主題、實驗假設、操縱變因、控制變因、應變變因、器材與材料、實驗步驟，並簡單說明如何分析數據。(8分)
exam-1764853978216,114復興高中,1,114,復興高中,114復興高中-物理-試題.pdf,q-1764853978254-0,1,Mechanics,Medium,0,Pending,images/114_復興高中_114復興高中_物理_試題_q1_problem.webp,images/114_復興高中_114復興高中_物理_試題_q1_answer.webp,,,一粒子受 F = -bx^2 的力作用沿著 x 軸移動，其中 b = 3.0 N/m^2。假設 x = 0 的位能為 0.0 J，則粒子在 x = 1.0 m 的位能為多少焦耳？
exam-1764853978216,114復興高中,1,114,復興高中,114復興高中-物理-試題.pdf,q-1764853978254-1,2,Waves & Oscillations,Medium,0,Verified,images/114_復興高中_114復興高中_物理_試題_q2_problem.webp,images/114_復興高中_114復興高中_物理_試題_q2_answer.webp,,,質量皆為 M 相距 2a 之二固定質點，其連線之中垂線上與中點 O 相距 x 處有一質量 m 的質點，此質點原本靜止，受二 M 之引力而開始作週期性運動，若 x << a，則此運動為 SHM。請問 m 運動抵達 O 點時速率為何？
exam-1764853978216,114復興高中,1,114,復興高中,114復興高中-物理-試題.pdf,q-1764853978254-2,3,Mechanics,Medium,0,Verified,images/114_復興高中_114復興高中_物理_試題_q3_problem.webp,images/114_復興高中_114復興高中_物理_試題_q3_answer.webp,,,一人自某懸崖邊以初速 5.0 m/s 將小球斜拋入空中，已知歷經一秒後，小球速度方向垂直於其初速度方向，則該小球被拋出時初速度與水平方向的夾角為多少度？(設地表重力加速度 g = 10m/s^2)
exam-1764853978216,114復興高中,1,114,復興高中,114復興高中-物理-試題.pdf,q-1764853978254-3,4,Mechanics,Medium,0,Verified,images/114_復興高中_114復興高中_物理_試題_q4_problem.webp,images/114_復興高中_114復興高中_物理_試題_q4_answer.webp,,,如圖所示，一質量為 m 可視為質點的小球從離地 H 處水平射出，第一次落地時的水平位移為 4H/3，反彈最大高度為 9H/16。若地板為光滑，且空氣阻力可以忽略，而小球與地板接觸的時間為 t，重力加速度量值為 g。第一次落地碰撞期間，小球在鉛直方向所受到的平均作用力量值為何？
exam-1764853978216,114復興高中,1,114,復興高中,114復興高中-物理-試題.pdf,q-1764853978254-4,5,Mechanics,Medium,0,Verified,images/114_復興高中_114復興高中_物理_試題_q5_problem.webp,images/114_復興高中_114復興高中_物理_試題_q5_answer.webp,,,"設雨滴在空中運動時,所受空氣阻力與其速率的平方成正比,故從高空中落下之雨滴,在其落至地面前均已達終端速度。若有質量分別為 m₁、m₂ 的兩個雨滴從高空中落下,則當它們做等速直線運動時,重力對兩個雨滴做功的功率之比為何?"
exam-1764853978216,114復興高中,1,114,復興高中,114復興高中-物理-試題.pdf,q-1764853978254-5,6,Thermodynamics,Medium,0,Verified,images/114_復興高中_114復興高中_物理_試題_q6_problem.webp,images/114_復興高中_114復興高中_物理_試題_q6_answer.webp,,,如圖所示，一個水平放置的絕熱容器，以一片可自由移動的絕熱隔板分隔為兩室，兩室中裝有同一種的單原子理想氣體。當隔板達靜力平衡時，右室之絕對溫度為T，且左室與右室氣體之原子個數比為3:1，體積比為2:1。若在不對氣體作功的情況下，將隔板打開使兩室相通，則容器中的氣體最後達到熱平衡時之絕對溫度為何？
exam-1764853978216,114復興高中,1,114,復興高中,114復興高中-物理-試題.pdf,q-1764853978254-6,7,Optics,Medium,0,Verified,images/114_復興高中_114復興高中_物理_試題_q7_problem.webp,images/114_復興高中_114復興高中_物理_試題_q7_answer.webp,,,有一凸透鏡與一屏幕相距 12 cm，現有某物體經此透鏡所成之實像正落於屏幕上，如果將透鏡離物體移遠 2 cm，屏幕應向物體移近 2 cm，如此又可生實像於屏幕上，求此透鏡之焦距為多少 cm？
exam-1764853978216,114復興高中,1,114,復興高中,114復興高中-物理-試題.pdf,q-1764853978254-7,8,Circuit,Medium,0,Verified,images/114_復興高中_114復興高中_物理_試題_q8_problem.webp,images/114_復興高中_114復興高中_物理_試題_q8_answer.webp,,,如下圖所示的電路中，設電池的內電阻為零，則流經 40 Ω 電阻的電流量為 _______ A。
exam-1764853978216,114復興高中,1,114,復興高中,114復興高中-物理-試題.pdf,q-1764853978254-8,9,Modern Physics,Medium,0,Verified,images/114_復興高中_114復興高中_物理_試題_q9_problem.webp,images/114_復興高中_114復興高中_物理_試題_q9_answer.webp,,,根據波耳原子模型，若基態氫原子的電子軌道半徑為 r，當電子處於第 2 激發態時，其物質波波長為多少？
exam-1764853978216,114復興高中,1,114,復興高中,114復興高中-物理-試題.pdf,q-1764853978254-9,10,Modern Physics,Medium,0,Verified,images/114_復興高中_114復興高中_物理_試題_q10_problem.webp,images/114_復興高中_114復興高中_物理_試題_q10_answer.webp,,,"某原子質量為M,在靜止狀態下釋放出一頻率為v)的光子後,原子內能減少 少量為多少?(請以普朗克常數h、光速c、質量M和頻率v表示)"
exam-1764853978216,114復興高中,1,114,復興高中,114復興高中-物理-試題.pdf,q-1764853978254-10,11,Optics,Medium,0,Verified,images/114_復興高中_114復興高中_物理_試題_q11_problem.webp,images/114_復興高中_114復興高中_物理_試題_q11_answer.webp,,,"有一雙狹縫裝置,其狹縫間距為 d,螢幕與雙狹縫平行、距離為 L,以一束綠色雷射光經空氣垂直射入雙狹縫,在螢幕上相鄰兩亮紋間距為 X_1。若改在平靜的水中進行上述實驗,其餘條件皆相同,在螢幕上相鄰兩亮紋間距為 X_2,則 X_2 / X_1 之值為何? (已知水的折射率為 4/3)"
exam-1764853978216,114復興高中,1,114,復興高中,114復興高中-物理-試題.pdf,q-1764853978254-11,12,Mechanics,Medium,0,Verified,images/114_復興高中_114復興高中_物理_試題_q12_problem.webp,images/114_復興高中_114復興高中_物理_試題_q12_answer.webp,,,質量 M 的木塊在水平地面上以初速度v0滑出。已知木塊與地面間的動摩擦係數為μk，當木塊的速度變成v0/2的瞬間，有一質量為m的物體從木塊的正上方以接近零的速度落下，如圖所示，並和木塊黏在一起。試問這兩個物體可繼續滑行多遠後才停住？
exam-1764853978216,114復興高中,1,114,復興高中,114復興高中-物理-試題.pdf,q-1764853978254-12,13,Mechanics,Medium,0,Verified,images/114_復興高中_114復興高中_物理_試題_q13_problem.webp,images/114_復興高中_114復興高中_物理_試題_q13_answer.webp,,,甲、乙兩人分別坐在小船的船頭與船尾。開始時，小船停在靜止的水中。甲以水平方向的速度v0將質量為m0的球擲向乙，同一時間乙以水平方向速度-2v0將一質量相同的球擲向甲。已知甲、乙兩人的質量均為m，船的質量為M。假設水對船的阻力可以不計，且在空中時，球速的改變可以忽略不計。若乙接到甲擲來的球，但乙擲出的球未被甲碰到，直接落入甲後方的水中，求最後船的速度v2。
exam-1764853978216,114復興高中,1,114,復興高中,114復興高中-物理-試題.pdf,q-1764853978254-13,14,Circuit,Medium,0,Verified,images/114_復興高中_114復興高中_物理_試題_q14_problem.webp,images/114_復興高中_114復興高中_物理_試題_q14_answer.webp,,,設計一個分壓器，如圖為以兩串聯電阻R1、R2和一電壓源Vin組成分壓器的電路，其中R1 = 75 Ω 及Vin = 100 V，若負載RL的電壓Vout為25 V，且流經RL的電流為900 mA，則R2的電阻值為多少 Ω？
exam-1764853978216,114復興高中,1,114,復興高中,114復興高中-物理-試題.pdf,q-1764853978254-14,15,Electromagnetism,Medium,0,Verified,images/114_復興高中_114復興高中_物理_試題_q15_problem.webp,images/114_復興高中_114復興高中_物理_試題_q15_answer.webp,,,將一平行板電容器的內部抽成真空，其中一板帶正電，另一板帶等量的負電。已知當兩個電極板間的間距為 1.2 cm 時，電容器內部電場的強度為 25 kV/m。若此電容器兩電極板間的電位差維持不變，但兩極板的間距變為 2.0 cm 時，則電容器內部電場的強度為____kV/m。
exam-1764853978216,114復興高中,1,114,復興高中,114復興高中-物理-試題.pdf,q-1764853978254-15,16,Modern Physics,Medium,0,Verified,images/114_復興高中_114復興高中_物理_試題_q16_problem.webp,images/114_復興高中_114復興高中_物理_試題_q16_answer.webp,,,一金屬材料發生光電效應的最大波長為λ0；將此材料作成一半徑為R的圓球，並以絕緣線懸掛於真空室內。若以波長為λ的單色光持續照射此金屬球，其中λ<λ0，則此球可帶的電量最多為_____(庫侖定律常數 k)
exam-1764853978216,114復興高中,1,114,復興高中,114復興高中-物理-試題.pdf,q-1764853978254-16,17,Modern Physics,Medium,0,Verified,images/114_復興高中_114復興高中_物理_試題_q17_problem.webp,images/114_復興高中_114復興高中_物理_試題_q17_answer.webp,,,依照波耳的氫原子模型，電子繞質子作等速率圓周運動。若已知電子的質量為m，氫原子在基態時，電子的角動量量值為ħ (ħ=h/2π，h為普朗克常數)，其軌道半徑為a0，則氫原子在基態時，電子的總能量為多少？
exam-1764853978216,114復興高中,1,114,復興高中,114復興高中-物理-試題.pdf,q-1764853978254-17,18,Fluid Dynamics,Medium,0,Verified,images/114_復興高中_114復興高中_物理_試題_q18_problem.webp,images/114_復興高中_114復興高中_物理_試題_q18_answer.webp,,,"飛機於長程水平飛行時,其用來平衡重力的上升力可近似為 F_上 = αpv^2, v 為飛行速率, ρ 為空氣密度, α 為相關的常數。若飛機此時所受的空氣阻力 可假設為 F_阻=βρv, β 為常數。已知空氣密度 ρ 會隨著飛行高度的增加而變 小。假設某一高空航線的空氣密度 ρ 為另一低空的 1/2。僅考慮上述主要效 應,並忽略浮力。若同一飛機維持固定的高度,水平飛行相同的航程,則 在該高空與低空航線因阻力所消耗的能量之比值為何?"
exam-1764853978216,114復興高中,1,114,復興高中,114復興高中-物理-試題.pdf,q-1764853978254-18,19,Uncategorized,Medium,0,Verified,images/114_復興高中_114復興高中_物理_試題_q19_problem.webp,images/114_復興高中_114復興高中_物理_試題_q19_answer.webp,,,"製作一對完全相同的強力理想彈簧所構成可垂直彈射之投射裝置,如圖所示,設g為重力加速度,彈
簧的彈性常數為k。若質量為m的物體置於質量可忽略的彈射底盤上,欲將物體以5g的起始加速度垂
直射向空中,此時兩彈簧與鉛垂線的夾角皆為0=60°,則每個彈簧的伸長量為何?"
exam-1764853978216,114復興高中,1,114,復興高中,114復興高中-物理-試題.pdf,q-1764853978254-19,20,Uncategorized,Medium,0,Verified,images/114_復興高中_114復興高中_物理_試題_q20_problem.webp,images/114_復興高中_114復興高中_物理_試題_q20_answer.webp,,,".一熱力學系統內能的增加等於所吸收的熱能減去系統對外界所做的功。某一以氣體為介質的熱力學系
統狀態方程式為PV=f(T),式中P為氣體壓力,V為氣體體積,T為氣體溫度,f(T)為絕對溫度的任
意函數。若此熱力學系統進行右圖所示的循環過程,則自b至c系統對外界所做的功為多少?"
exam-1764853978216,114復興高中,1,114,復興高中,114復興高中-物理-試題.pdf,q-1764853978254-20,21,Uncategorized,Medium,0,Verified,images/114_復興高中_114復興高中_物理_試題_q21_problem.webp,images/114_復興高中_114復興高中_物理_試題_q21_answer.webp,,,"兩個點光源S、S2間的距離為24cm,使用焦距為9cm的薄透鏡L,垂直放置於兩點光源SI、S2的連線上並調整位置,如圖所示,使兩個點光源成像於同一位置,則兩點光源到透鏡的距離比為何?"
exam-1764853978216,114復興高中,1,114,復興高中,114復興高中-物理-試題.pdf,q-1764853978254-21,22,Uncategorized,Medium,0,Verified,images/114_復興高中_114復興高中_物理_試題_q22_problem.webp,images/114_復興高中_114復興高中_物理_試題_q22_answer.webp,,,"某陸軍砲兵營在一次演習中,將一砲彈以初速50m/s仰角45°自地面向正北方發射,達最高點時爆破為兩塊彈片,其質量比為m1:m2=2:3,指揮官由望遠鏡觀看發現mI、m2同時著地,且測得m1落於發射地點北方280m、東方30m處,則ml、m2落地相距多少m?(g=10m/s2)"
exam-1764853978216,114復興高中,1,114,復興高中,114復興高中-物理-試題.pdf,q-1764853978254-22,23,Waves & Oscillations,Medium,0,Verified,images/114_復興高中_114復興高中_物理_試題_q23_problem.webp,images/114_復興高中_114復興高中_物理_試題_q23_answer.webp,,,如圖所示，於無摩擦的水平桌面上，有大小相同、質量分別為 M、m 的兩均勻木塊，以質量可忽略、力常數 (彈性常數) 為 k、未受力時長度為 L 的彈簧，連接兩木塊的質心。假設質量為 M、m 的木塊位置皆不固定，並將 M、m 拉開，使彈簧伸長一小段距離 ΔL，此過程中質心 CM 的位置不變，然後同時放開處於靜止的兩木塊，則 M、m 皆會在此桌面上對固定不動的質心 CM 作簡諧運動，則 M 作簡諧運動的振幅為何？
exam-1764853978216,114復興高中,1,114,復興高中,114復興高中-物理-試題.pdf,q-1764853978254-23,24,Electromagnetism,Medium,0,Verified,images/114_復興高中_114復興高中_物理_試題_q24_problem.webp,images/114_復興高中_114復興高中_物理_試題_q24_answer.webp,,,"有一長為 a、寬為 w 的線圈其電阻為 R,施一外力 F 使其以等速度 v 通過 一範圍為 d(d > a)的均勻磁場 B,磁場的方向為垂直射入紙面,如圖所示。在時間 t = 0 時,線圈恰接觸磁場的邊緣。若欲使線圈等速度完全通過磁場,全程外力 F 需施給線圈至少多大衝量?"
exam-1764853978216,114復興高中,1,114,復興高中,114復興高中-物理-試題.pdf,q-1764853978254-24,25,Uncategorized,Medium,0,Verified,images/114_復興高中_114復興高中_物理_試題_q25_problem.webp,images/114_復興高中_114復興高中_物理_試題_q25_answer.webp,,,"設地球為均勻球體(質量M、半徑R),某質點(質量m)自地球表面以初速√gR、與上空鉛垂線夾角600射出。(g為地表重力加速度,不計空氣阻力與地球旋轉)求質點離地表之最高距離為多少?"
exam-1764853978216,114復興高中,1,114,復興高中,114復興高中-物理-試題.pdf,q-1764853978254-25,26,Education,Medium,0,Verified,images/114_復興高中_114復興高中_物理_試題_q26_problem.webp,,,,在教力學能守恆的時候，若有學生提問：「當物體往下掉，在不考慮阻力影響下，我們常會說物體的重力位能減少、動能增加，因此力學能守恆。但重力會作正功，力學能應該會增加呀？為什麼力學能會守恆？」 (1) 針對以上學生提問，在何處有觀念錯誤呢？(2 分) (2) 你會如何向學生說明，修正學生的觀念呢？(3 分)
exam-1764853978216,114復興高中,1,114,復興高中,114復興高中-物理-試題.pdf,q-1764853978254-26,27,Education,Medium,0,Verified,images/114_復興高中_114復興高中_物理_試題_q27_problem.webp,,,,"有些辦公室採用了單向玻璃,在白天室內的觀察A可看到室外的行人B,但是B看不到A。小華
在你的課堂中提出來這個現象,並且認為這個不就違反了光的可逆性了?身為老師的你會如何回
應呢?(5分)"
exam-1764771079071,114蘭陽女中,1,114,蘭陽女中,114蘭陽女中-物理-試題.pdf,q-1764771079109-0,1,Waves & Oscillations,Medium,0,Pending,images/114_蘭陽女中_114蘭陽女中_物理_試題_q1_problem.webp,images/114_蘭陽女中_114蘭陽女中_物理_試題_q1_answer.webp,,,如圖所示，兩質量均為 m 的木塊相疊後置於光滑無摩擦的水平面上。一彈力常數為 2k 的彈簧左側緊於左邊牆壁而彈簧右側緊於上方木塊；另一彈力常數為 k 的彈簧右側緊於右邊牆壁而彈簧左側緊於下方木塊。已知兩條彈簧目前皆處於原始長度的狀態下，又木塊間的靜摩擦係數為 μs，重力加速度為 g。今將兩木塊同時拉向一側後放手，使之作水平簡諧運動。試求兩木塊沒有產生相對運動的最大振幅為何？ (請以題目給定的符號表示答案)
exam-1764771079071,114蘭陽女中,1,114,蘭陽女中,114蘭陽女中-物理-試題.pdf,q-1764771079109-1,2,Mechanics,Medium,0,Pending,images/114_蘭陽女中_114蘭陽女中_物理_試題_q2_problem.webp,images/114_蘭陽女中_114蘭陽女中_物理_試題_q2_answer.webp,,,將質量 1kg 的球由距地面高度 5 公尺處水平拋出，已知初速為 10 公尺/秒，拋出後 2 秒著地，球著地時速度也為 10 公尺/秒，其方向與水平地面夾角為 37°，重力加速度為 10 公尺/秒²。試求由拋出至落地期間，空氣阻力對球的衡量量值為何？
exam-1764771079071,114蘭陽女中,1,114,蘭陽女中,114蘭陽女中-物理-試題.pdf,q-1764771079109-2,3,Mechanics,Medium,0,Pending,images/114_蘭陽女中_114蘭陽女中_物理_試題_q3_problem.webp,images/114_蘭陽女中_114蘭陽女中_物理_試題_q3_answer.webp,,,如圖所示，有兩個質量皆為 m 的小球 A、B，分別固定在一根 L 型的輕質剛性桿的兩端，其中桿子的直角處以樞紐固定於牆上，使得此桿能以直角處為支點在鉛直平面擺動。已知桿的水平段長度為 D，鉛直段長度為 3D，重力加速度為 g。則當此桿由如圖的位置釋放後，鉛直桿向右擺動的最大角度為 θ，試求 tanθ 為何？
exam-1764771079071,114蘭陽女中,1,114,蘭陽女中,114蘭陽女中-物理-試題.pdf,q-1764771079109-3,4,Mechanics,Medium,0,Verified,images/114_蘭陽女中_114蘭陽女中_物理_試題_q4_problem.webp,images/114_蘭陽女中_114蘭陽女中_物理_試題_q4_answer.webp,,,質量為 m 的小球在水平面上衝向一個半徑為 R 之粗糙鉛直半圓軌道。若通過 A 點時小球所受的正向力為 8mg，沿著軌道轉過半個圓周，達最高點 B 時所受的正向力恰好為零。試問小球由 A 點運動至 B 點的力學能變化為何？ (請以題目給定的符號表示答案)
exam-1764771079071,114蘭陽女中,1,114,蘭陽女中,114蘭陽女中-物理-試題.pdf,q-1764771079109-4,5,Thermodynamics,Medium,0,Verified,images/114_蘭陽女中_114蘭陽女中_物理_試題_q5_problem.webp,images/114_蘭陽女中_114蘭陽女中_物理_試題_q5_answer.webp,,,假如有一群分子共有 12 個，其中速率 1 m/s 有 4 個，速率 3 m/s 有 6 個，速率 5m/s 有 2 個，則此群氣體分子之方均根速率 Vrms 為何？
exam-1764771079071,114蘭陽女中,1,114,蘭陽女中,114蘭陽女中-物理-試題.pdf,q-1764771079109-5,6,Waves & Oscillations,Medium,0,Verified,images/114_蘭陽女中_114蘭陽女中_物理_試題_q6_problem.webp,images/114_蘭陽女中_114蘭陽女中_物理_試題_q6_answer.webp,,,"如圖,A、B 為水波槽中兩同相振動的點波源,發出水波的波長為 4 cm,由 P 沿 PA 射線,第一次見到腹線的位置距 P 點多遠?"
exam-1764771079071,114蘭陽女中,1,114,蘭陽女中,114蘭陽女中-物理-試題.pdf,q-1764771079109-6,7,Optics,Medium,0,Verified,images/114_蘭陽女中_114蘭陽女中_物理_試題_q7_problem.webp,images/114_蘭陽女中_114蘭陽女中_物理_試題_q7_answer.webp,,,"某人明視距離為 28cm , 使用焦距為 6.0cm 之放大鏡看報紙時 , 眼睛與放大鏡相距 10cm , 則此人所看到報紙上字的像為實際的幾倍?"
exam-1764771079071,114蘭陽女中,1,114,蘭陽女中,114蘭陽女中-物理-試題.pdf,q-1764771079109-7,8,Electromagnetism,Medium,0,Verified,images/114_蘭陽女中_114蘭陽女中_物理_試題_q8_problem.webp,images/114_蘭陽女中_114蘭陽女中_物理_試題_q8_answer.webp,,,有 A、B 兩個點電荷質量分別為 2m 與 m，相距為 d 時，互斥之電力為 f，此二電荷自靜止釋放。當相距 3d 時，B 的速率為何？ (請以題目給定的符號表示答案)
exam-1764771079071,114蘭陽女中,1,114,蘭陽女中,114蘭陽女中-物理-試題.pdf,q-1764771079109-8,9,Electromagnetism,Medium,0,Verified,images/114_蘭陽女中_114蘭陽女中_物理_試題_q9_problem.webp,images/114_蘭陽女中_114蘭陽女中_物理_試題_q9_answer.webp,,,"兩個螺線管的外形(斷面和管長相等)一樣，且各用不同粗細(斷面半徑各為 r1 , r2)及不同匝數(N1 及 N2)，但同一質料的銅線繞成。已知各線圈消耗的電功率相同，則管內的磁場強度比為何？"
exam-1764771079071,114蘭陽女中,1,114,蘭陽女中,114蘭陽女中-物理-試題.pdf,q-1764771079109-9,10,Modern Physics,Medium,0,Verified,images/114_蘭陽女中_114蘭陽女中_物理_試題_q10_problem.webp,images/114_蘭陽女中_114蘭陽女中_物理_試題_q10_answer.webp,,,A、B 兩種放射性元素半生期分別為 TA 及 TB，開始 t=0 時，兩者質量比為 2 : 1，則經過 t 時間後兩者的質量會相等，則 t 為何？
exam-1764771079071,114蘭陽女中,1,114,蘭陽女中,114蘭陽女中-物理-試題.pdf,q-1764771079109-10,11,Waves & Oscillations,Medium,0,Verified,images/114_蘭陽女中_114蘭陽女中_物理_試題_q11_problem.webp,images/114_蘭陽女中_114蘭陽女中_物理_試題_q11_answer.webp,,,設一質點作簡諧運動，其振幅為 R，最大加速度量值為 a，若由平衡點算起，則 1/2 週期內的平均加速度值為何？
exam-1764771079071,114蘭陽女中,1,114,蘭陽女中,114蘭陽女中-物理-試題.pdf,q-1764771079109-11,12,Thermodynamics,Medium,0,Verified,images/114_蘭陽女中_114蘭陽女中_物理_試題_q12_problem.webp,images/114_蘭陽女中_114蘭陽女中_物理_試題_q12_answer.webp,,,設地球的半徑為 R(m)，空氣分子要逃離地球表面的溫度至少要上升到 T(K)，即分子動能達到平均動能，已知氣體分子常數為 k(J/mol · K)，則一個空氣分子的平均重量為多少 N？(請用 k、T、R 及數字表示，假設空氣分子可視為理想氣體)
exam-1764771079071,114蘭陽女中,1,114,蘭陽女中,114蘭陽女中-物理-試題.pdf,q-1764771079109-12,13,Optics,Medium,0,Verified,images/114_蘭陽女中_114蘭陽女中_物理_試題_q13_problem.webp,images/114_蘭陽女中_114蘭陽女中_物理_試題_q13_answer.webp,,,如圖，一圓柱形透明物質，一光線以 60°之入射角由空氣入射，經兩次折射後，其偏向角為 60°，則該透明物質之折射率為多少？
exam-1764771079071,114蘭陽女中,1,114,蘭陽女中,114蘭陽女中-物理-試題.pdf,q-1764771079109-13,14,Modern Physics,Medium,0,Verified,images/114_蘭陽女中_114蘭陽女中_物理_試題_q14_problem.webp,images/114_蘭陽女中_114蘭陽女中_物理_試題_q14_answer.webp,,,設一中子 (質量 m) 之動量與一光子之動量相等，則中子動能與光子能量之比值為何？ (中子動量為 p，光速為 c)
exam-1764771079071,114蘭陽女中,1,114,蘭陽女中,114蘭陽女中-物理-試題.pdf,q-1764771079109-14,15,Circuit,Medium,0,Verified,images/114_蘭陽女中_114蘭陽女中_物理_試題_q15_problem.webp,images/114_蘭陽女中_114蘭陽女中_物理_試題_q15_answer.webp,,,圖中各電阻皆為 20 Ω，則 P、Q 兩點間之等效電阻為多少 Ω？
exam-1764771079071,114蘭陽女中,1,114,蘭陽女中,114蘭陽女中-物理-試題.pdf,q-1764771079109-15,16,Electromagnetism,Medium,0,Verified,images/114_蘭陽女中_114蘭陽女中_物理_試題_q16_problem.webp,images/114_蘭陽女中_114蘭陽女中_物理_試題_q16_answer.webp,,,導線OA長ℓ放在均勻磁場B中，以等角速度ω繞O端沿圓錐面轉動，如圖所示，則導線兩端電動勢量值為____。
exam-1764771079071,114蘭陽女中,1,114,蘭陽女中,114蘭陽女中-物理-試題.pdf,q-1764771079109-16,17,Modern Physics,Medium,0,Verified,images/114_蘭陽女中_114蘭陽女中_物理_試題_q17_problem.webp,images/114_蘭陽女中_114蘭陽女中_物理_試題_q17_answer.webp,,,以波長 5000 Å 之單色光垂直照射在一光電管之靶材上，光之強度為 100 J/m² · s；假定每個光子擊出一個光電子，且所有電子皆可收集，而靶材受光照射面積為 2.5 × 10⁻³ m²，則光電流約為 _____ A。
exam-1764771079071,114蘭陽女中,1,114,蘭陽女中,114蘭陽女中-物理-試題.pdf,q-1764771079109-17,18,Electromagnetism,Medium,0,Verified,images/114_蘭陽女中_114蘭陽女中_物理_試題_q18_problem.webp,images/114_蘭陽女中_114蘭陽女中_物理_試題_q18_answer.webp,,,"如圖, 質量為 m、電量為 -e 的電子, 在 P 點處以速率 v₀ 射入帶電平行板 (兩板間的電壓為 V), 而在 Q 點處離開帶電平行板。已知該電子通過帶電平行板時, 其偏向角為 θ, 若不計重力, 則電子的荷質比為________。"
exam-1764771079071,114蘭陽女中,1,114,蘭陽女中,114蘭陽女中-物理-試題.pdf,q-1764771079109-18,19,Mechanics,Medium,0,Verified,images/114_蘭陽女中_114蘭陽女中_物理_試題_q19_problem.webp,images/114_蘭陽女中_114蘭陽女中_物理_試題_q19_answer.webp,,,在一個斜角 θ = 37° 之光滑斜面上放置一個質量為 M 之平臺，而平臺上另有一個質量為 m 之物體。當平臺自斜面頂自由滑下時，物體與平臺保持相對靜止，如圖所示，重力加速度量值為 g，則平臺給物體的作用力為 ______ mg。
exam-1764771079071,114蘭陽女中,1,114,蘭陽女中,114蘭陽女中-物理-試題.pdf,q-1764771079109-19,20,Thermodynamics,Medium,0,Verified,images/114_蘭陽女中_114蘭陽女中_物理_試題_q20_problem.webp,images/114_蘭陽女中_114蘭陽女中_物理_試題_q20_answer.webp,,,在一絕熱容器中分成兩個氣室，兩氣室分別裝有 A 及 B 兩種莫耳數相等的理想單原子氣體，其壓力與溫度分別為 P_A、T_A 及 P_B、T_B。現將兩氣室打通，讓 A、B 兩氣體混合，則混合後氣體的平衡壓力為__________。
exam-1764771079071,114蘭陽女中,1,114,蘭陽女中,114蘭陽女中-物理-試題.pdf,q-1764771079109-20,21,Modern Physics,Medium,0,Verified,images/114_蘭陽女中_114蘭陽女中_物理_試題_q21_problem.webp,images/114_蘭陽女中_114蘭陽女中_物理_試題_q21_answer.webp,,,氫原子由 n=2 能階躍遷到 n=1 的能階，發射光子的能量為 E，則 He⁺ 中電子於基態時之位能為______E。
exam-1764771079071,114蘭陽女中,1,114,蘭陽女中,114蘭陽女中-物理-試題.pdf,q-1764771079109-21,22,Mechanics,Medium,0,Verified,images/114_蘭陽女中_114蘭陽女中_物理_試題_q22_problem.webp,images/114_蘭陽女中_114蘭陽女中_物理_試題_q22_answer.webp,,,一單擺長為 l，擺錘質量為 m。今將擺錘拉至與鉛直線夾 60°角的位置，如圖所示，自靜止放開，與質量 2m 靜止於光滑桌面之小球作正面碰撞，撞後合為一體，則擺錘與小球撞後瞬間，擺線的張力為何？
exam-1764771079071,114蘭陽女中,1,114,蘭陽女中,114蘭陽女中-物理-試題.pdf,q-1764771079109-22,23,Electromagnetism,Medium,0,Verified,images/114_蘭陽女中_114蘭陽女中_物理_試題_q23_problem.webp,images/114_蘭陽女中_114蘭陽女中_物理_試題_q23_answer.webp,,,一正方形線圈邊長為 a，電阻為 R，以等速 v 通過一與此線圈面垂直的磁場區域，此區域有二部分寬度均為 a 的均勻磁場，磁場之量值均為 B；左半邊磁場方向為進入紙面，右半邊為射出紙面，如圖所示，求：線圈從進入磁場至完全離開磁場，電阻 R 總共產生熱量若干？
exam-1764771079071,114蘭陽女中,1,114,蘭陽女中,114蘭陽女中-物理-試題.pdf,q-1764771079109-23,24,Mechanics,Medium,0,Verified,images/114_蘭陽女中_114蘭陽女中_物理_試題_q24_problem.webp,images/114_蘭陽女中_114蘭陽女中_物理_試題_q24_answer.webp,,,在水平地面上，以不可伸長的細繩繞過定滑輪，將質量分別為 m1、m2 的上、下兩個均質箱子連接如圖。已知重力加速度為 g，細繩與滑輪之間無摩擦力，且其質量均可忽略，下箱之上、下表面的動摩擦係數皆為 μ，若下箱受到水平拉力 F 時，兩箱不轉動，均以等速度水平移動，則下列敘述哪些正確？(A)地面施於下箱的正向力為 (m1 + m2)g (B)施於下箱的水平拉力 F = μ(3m1 + m2)g (C)所有作用於上箱的水平力所產生的力矩為零 (D)所有作用於上箱的垂直力所產生的力矩為零 (E)右邊支架施予滑輪的水平力量值 F'，一定小於 F
exam-1764771079071,114蘭陽女中,1,114,蘭陽女中,114蘭陽女中-物理-試題.pdf,q-1764771079109-24,25,Electromagnetism,Medium,0,Verified,images/114_蘭陽女中_114蘭陽女中_物理_試題_q25_problem.webp,images/114_蘭陽女中_114蘭陽女中_物理_試題_q25_answer.webp,,,使用感應電流大小以測量手掌張合速度的偵測器：在空心軟橡膠直筒中間置 1000 圈半徑為 2.1cm 的導電圓環迴路，且在直筒兩端各置一磁鐵，產生 4.0×10⁻² T 的均勻磁場垂直通過導電圓環平面。當右手掌心朝上、手指緊握橫放的橡膠筒時，磁場方向朝右，以右手壓縮橡膠筒，如圖所示（含條紋之箭頭代表施力方向）。若在 1.0s 間導電圓環半徑收縮為 1.9cm，則下列敘述哪些正確？(A)導電圓環未被壓縮時每圈的初始磁通量為 8.0π×10⁻⁶ T m²(B)導電圓環每圈的面積時變率為 8.0π×10⁻⁵ m²/s(C)導電圓環每圈的磁通量時變率為 1.6π×10⁻⁶ T m²/s(D)導電圓環迴路的感應電動勢量值為 3.2π×10⁻³ V(E)導電圓環迴路的感應電流方向與手抓握橡膠筒的四指彎曲方向相同
