﻿ExamID,Display Name,Version,Year,School,Filename,Q_ID,Order,Chapter,Difficulty,Question Type,Status,Problem Image,Answer Image,Solution Image,Notes,Extracted Text
exam-1765246411109,114 中山女中,1,114,中山女中,114中山女中-物理-試題、解答.pdf,q-1765246411134-0,1,Thermodynamics,Medium,1,Verified,images/114_中山女中_114中山女中_物理_試題_解答_q1_problem.webp,images/114_中山女中_114中山女中_物理_試題_解答_q1_answer.webp,,"","設一密閉容器體積為 2.00 升，內裝有氫氣壓力為 2.00 大氣壓，若設此時氫分子的方均根速率為 $2.00 \times 10^3$ 公尺/秒，則請問：(1)此氫氣的總動能為 ______ 焦耳 (2分)(2)此時氫氣溫度約為 ______ $^\circ$C (2分)(3)氫氣的分子密度為 ______ 分子/立方公尺。(2分)"
exam-1765246411109,114 中山女中,1,114,中山女中,114中山女中-物理-試題、解答.pdf,q-1765246411134-1,2,Thermodynamics,Medium,1,Verified,images/114_中山女中_114中山女中_物理_試題_解答_q2_problem.webp,images/114_中山女中_114中山女中_物理_試題_解答_q2_answer.webp,,"","如圖，一系統從狀態 $i$ 沿路徑 $iaf$ 變至狀態 $f$，並已知熱能 $Q_1 = +100$ 卡，功 $W_1 = +40$ 卡；若沿路徑 $ibf$，則熱能 $Q_2 = +72$ 卡，請問：(1)沿路徑 $ibf$ 的功 $W_2$ 為何？(2 分)(2)若沿曲線返回，路徑 $fi$ 的功為 $W_3 = -26$ 卡，則請問此路徑的熱能 $Q_3$ 為何？(2 分)(3)假設 $i$ 狀態的內能 $U_i = +20$ 卡，且 $b$ 狀態的內能 $U_b = +44$ 卡，過程 $ib$ 的 $Q_{ib}$ 為何？過程 $bf$ 的 $Q_{bf}$ 為何？(4 分)"
exam-1765246411109,114 中山女中,1,114,中山女中,114中山女中-物理-試題、解答.pdf,q-1765246411134-2,3,Mechanics,Medium,1,Verified,images/114_中山女中_114中山女中_物理_試題_解答_q3_problem.webp,images/114_中山女中_114中山女中_物理_試題_解答_q3_answer.webp,,"","如圖，有一長度為 $L$ 的均勻細桿，質量為 $m$，令其下端與粗糙地面接觸，並與鉛錘線夾角 $\theta$ 時靜止放，且在釋放瞬間細桿與地面之間沒有相對滑動。請回答以下問題：(重力加速度值為 $g$)(1)已知轉動慣量的定義為 $\int r^2 dm$ 請求出該細桿以圖中 P 點為轉軸 (垂直紙面) 時的轉動慣量。(3分)(2)由平行軸定理求出以細桿質心為轉軸 (垂直紙面) 時的轉動慣量。(2分)(3)求釋放瞬間細桿與地面間的摩擦力值。(5分)"
exam-1765246411109,114 中山女中,1,114,中山女中,114中山女中-物理-試題、解答.pdf,q-1765246411134-3,4,Mechanics,Medium,1,Verified,images/114_中山女中_114中山女中_物理_試題_解答_q4_problem.webp,images/114_中山女中_114中山女中_物理_試題_解答_q4_answer.webp,,"","有一質量均勻的剛體球質量為 $m$ 半徑為 $R$, 靜置於粗糙桌面上，在某一瞬間受一水平且過質心的衝量 $\vec{J}$ 而開始運動，若球與桌面的動摩擦係數為 $\mu$ , 且重力加速度值為 $g$。請回答以下問題:(已知轉軸過球體質心的轉動慣量為 $I=\frac{2}{5}mR^2$) 該球由開始運動至純滾動過程,球底點對桌面的相對位移量為何值?(3分) 該球由開始運動至純滾動過程,質心位移量為何值?(3分) 桌面對球的摩擦力作功為何?請簡要說明摩擦力與位移內積是與第(1)還是(2)的答案做乘積的理由(4分)"
exam-1765246411109,114 中山女中,1,114,中山女中,114中山女中-物理-試題、解答.pdf,q-1765246411134-4,5,Electromagnetism,Medium,1,Verified,images/114_中山女中_114中山女中_物理_試題_解答_q5_problem.webp,images/114_中山女中_114中山女中_物理_試題_解答_q5_answer.webp,,"","一、有一半徑為 $R$ 之金屬球, 其帶電量為 $-Q$, 被一帶電量為 $+2Q$ 的中空金屬球殼所包圍, 且兩者同心彼此絕緣, 已知球殼內外半徑分別為 $2R$ 及 $3R$, 而球殼上有一極小孔洞沿徑向貫穿其中。今有一帶電量 $-q$ 的測試電荷自距離金屬球殼極遠處, 由靜止開始受電力作用往球殼方向運動, 恰可穿過孔洞。設無窮遠處為零位面, 且孔洞的存在不影響球殼上的電荷分布。求：(1) 金屬球表面電位為何? (2分)(2) 測試電荷恰抵達球殼表面時, 其動能為何? (3分)(3) 測試電荷在運動過程中與球心之最近距離為何? (3分)"
exam-1765246411109,114 中山女中,1,114,中山女中,114中山女中-物理-試題、解答.pdf,q-1765246411134-5,6,Electromagnetism,Medium,1,Verified,images/114_中山女中_114中山女中_物理_試題_解答_q6_problem.webp,images/114_中山女中_114中山女中_物理_試題_解答_q6_answer.webp,,"","如圖，一半徑為 $r$ 的絕緣光滑圓環固定在鉛直平面上，環上套有一質量為 $m$ 且帶正電的可移動珠子，圓環所在處有水平向右、量值為 $E$ 的均勻電場，已知珠子所受靜電力與重力的大小相等，且重力加速度量值為 $g$，求：(1) 此珠子所帶電量為何？(2分)(2) 若珠子位於環上最低點位置 P 點時速度量值為 $\sqrt{gr}$、方向向右，則當此珠子由 P 點沿圓環移動到與環心同高處時，圓環給予珠子的正向力量值為何？(3分)(3) 若珠子由 P 點出發可以完整環繞圓環運動，則珠子在 P 點時的動能至少應為何？(3分)答案：(1) $\frac{mg}{E}$ (2) $2mg$ (3) $mgr(\sqrt{2}+1)$"
exam-1765246411109,114 中山女中,1,114,中山女中,114中山女中-物理-試題、解答.pdf,q-1765246411134-6,7,Mechanics,Medium,1,Verified,images/114_中山女中_114中山女中_物理_試題_解答_q7_problem.webp,images/114_中山女中_114中山女中_物理_試題_解答_q7_answer.webp,,"","根據研究指出，當駕駛人發現前方有障礙需要緊急煞車時，從察覺到實際煞車，這之間的時間並非瞬間完成。原因是看到障礙物開始，到腦部處理這個資訊，再到腳踩下煞車的過程，會有一段反應時間。停車距離不僅取決於駕駛人的反應時間，還與車速、車輛狀態及道路條件有關。如表中所為某縣市警察局對於汽車車速與停車距離的數據分析，若汽車煞車時的加速度均相同，請回答下列各題：車速($	ext{m/s}$) 停車距離($	ext{m}$) $10.0$ $14.1$ $16.7$ $31.6$ $20.0$ $42.6$(1)試問反應時間約為何？($4$分)(2)若有駕駛者以車速 $100	ext{km/h}$ 在道路上行駛，突然發現道路前方有障礙物而緊急踩煞車，則汽車所需的安全停車距離約為何？($3$分)"
exam-1765246411109,114 中山女中,1,114,中山女中,114中山女中-物理-試題、解答.pdf,q-1765246411134-7,8,Mechanics,Medium,1,Verified,images/114_中山女中_114中山女中_物理_試題_解答_q8_problem.webp,images/114_中山女中_114中山女中_物理_試題_解答_q8_answer.webp,,"","八、質量各為 $m_1$ 和 $m_2$ 的兩木板固定在一個彈力常數為 $k$ 的彈簧兩端, 並放在水平桌面上, 如圖所示。彈簧的質量可忽略, 重力加速度為 $g$, 且 $m_1 < m_2$。(1)試問對上面的木板 $m_1$ 必須下壓多大的外力 $F$, 以便在外力 $F$ 撤去時, 使上面木板 $m_1$ 上彈時, 恰可將下面的木板 $m_2$ 提離桌面? (5分)(2)承(1), 當木板 $m_1$ 在上下振盪的過程中, 其速度最大值為何? (5分)"
exam-1765246411109,114 中山女中,1,114,中山女中,114中山女中-物理-試題、解答.pdf,q-1765246411134-8,9,Circuit,Medium,1,Verified,images/114_中山女中_114中山女中_物理_試題_解答_q9_problem.webp,images/114_中山女中_114中山女中_物理_試題_解答_q9_answer.webp,,"","若將電阻值分別為 $1\Omega$、$2\Omega$、$3\Omega$、$4\Omega$、$5\Omega$、$6\Omega$ 的六個電阻連接成如圖所示的電路。若已測得等效電阻 $R_{XY}$、$R_{YZ}$、$R_{ZX}$ 分別為 $7\frac{3}{13}\Omega$、$10\frac{1}{13}\Omega$、$6\frac{8}{13}\Omega$，試求圖中 $a\sim f$ 六個電阻各自代表的電阻值為何？(5分)"
exam-1765246411109,114 中山女中,1,114,中山女中,114中山女中-物理-試題、解答.pdf,q-1765246411134-9,10,Electromagnetism,Medium,1,Verified,images/114_中山女中_114中山女中_物理_試題_解答_q10_problem.webp,images/114_中山女中_114中山女中_物理_試題_解答_q10_answer.webp,,"","(1)如圖所示，長度為 $L$ 的長直導線中有電流為 $i$。今在導線旁垂直相距 $r_0$ 有一處 $P$ 點，其導線下端與上端至 $P$ 點的位置向量與電流方向各夾 $\theta_1$、$\theta_2$ 角($\theta_1<\theta_2$)，試問此處 $P$ 點磁場感應強度 $B$ 為何？(提示：真空中磁導率表示：$\theta_1<\theta_2$；5分)"
exam-1765246411109,114 中山女中,1,114,中山女中,114中山女中-物理-試題、解答.pdf,q-1765246411135-10,11,Electromagnetism,Medium,1,Verified,images/114_中山女中_114中山女中_物理_試題_解答_q11_problem.webp,images/114_中山女中_114中山女中_物理_試題_解答_q11_answer.webp,,"","(2)若今有一載流的正方形線圈，其邊長為 $2d$、通過電流為 $i$，如圖下所示。試問軸線上距正方形中心 $O$ 點上方 $r_0$ 處的磁場強度為何？(請以 $\mu_0$、$r_0$、$d$、$i$ 表示之；5分)"
exam-1765246411109,114 中山女中,1,114,中山女中,114中山女中-物理-試題、解答.pdf,q-1765246411135-11,12,Optics,Medium,1,Verified,images/114_中山女中_114中山女中_物理_試題_解答_q12_problem.webp,images/114_中山女中_114中山女中_物理_試題_解答_q12_answer.webp,,"","(1)如圖所示，一遮光板緊靠薄透鏡，板中間有直徑為 $1.0cm$ 的圓孔，透鏡主軸通過圓孔中心。一點光源置於鏡前 $10.0cm$ 的主軸上，在透鏡後方 $10.0cm$ 處的螢幕上形成一直徑 $3.0cm$ 的亮圓，則凹透鏡的焦距為若干 $cm$?(設透鏡厚度極薄可忽略)(3分)"
exam-1765246411109,114 中山女中,1,114,中山女中,114中山女中-物理-試題、解答.pdf,q-1765246411135-12,13,Optics,Medium,1,Verified,images/114_中山女中_114中山女中_物理_試題_解答_q13_problem.webp,images/114_中山女中_114中山女中_物理_試題_解答_q13_answer.webp,,"","將一凸透鏡從中間分割成兩半，用此透鏡所成的兩點光源實像，可作為干涉實驗產生兩同相光源的一種方法。若透透鏡焦距 $4$ 公分，一點光源距透鏡 $5$ 公分，兩半透鏡相距 $0.01	ext{cm}$，若屏幕與透鏡距離 $220$ 公分，則干涉條紋間距為若干 $	ext{cm}$?(已知光的波長 $5000	ext{A}$，設透鏡厚度極薄可忽略，示意圖未按照實際比例繪製。)"
exam-1765246411109,114 中山女中,1,114,中山女中,114中山女中-物理-試題、解答.pdf,q-1765246411135-13,14,Optics,Medium,1,Verified,images/114_中山女中_114中山女中_物理_試題_解答_q14_problem.webp,images/114_中山女中_114中山女中_物理_試題_解答_q14_answer.webp,,"","將焦距 $4 \text{cm}$ 的凸透鏡與焦距 $10 \text{cm}$ 的凹透鏡形成相距 $15 \text{cm}$ 的透鏡組。今在凸透鏡左方 $5 \text{cm}$ 處的主軸上放置一物體，其射出的光線經透鏡組折射後形成的像位於凹透鏡的左方或右方？與凹透鏡距離若干 $\text{cm}$?像的高度為物的幾倍？($3$ 分)答案: (1) $-10$ 或 $10 \text{cm}$ (2) $0.2 \text{cm}$ (3) 右方，$10 \text{cm}$，$8$ 倍"
exam-1765246411109,114 中山女中,1,114,中山女中,114中山女中-物理-試題、解答.pdf,q-1765246411135-14,15,Optics,Medium,1,Verified,images/114_中山女中_114中山女中_物理_試題_解答_q15_problem.webp,images/114_中山女中_114中山女中_物理_試題_解答_q15_answer.webp,,"","如圖，將一束在波長$450-650	ext{ nm}$範圍內具有均勻強度的光，向下垂直照射到一水平放置的透明薄膜上。薄膜的折射率為$1.33$，厚度為$500	ext{ nm}$，寬度為$3	ext{ cm}$，並懸浮在空氣中。對於薄膜正上方的觀察者來說，經由薄膜反射後具有最大強度的光，其在真空中的波長應為若干$	ext{ nm}$?(四捨五入至個位數)(3分)

承(1)，若使薄膜漂浮於折射率$2$的透明液體上，則經薄膜反射後具有最大強度的光，其在真空中波長應為若干$nm$? (四捨五入至個位數) (3分)承(2)，若對薄膜頂部進行精密切割，使其截面成為左端高度$100nm$，右端高度$500nm$的梯形，並改以真空中波長為$400nm$的光束沿鉛直方向照射薄膜，觀察者將觀測到幾條亮紋? (3分)"
exam-1765246411109,114 中山女中,1,114,中山女中,114中山女中-物理-試題、解答.pdf,q-1765246411135-16,16,Modern Physics,Medium,1,Verified,images/114_中山女中_114中山女中_物理_試題_解答_q16_problem.webp,images/114_中山女中_114中山女中_物理_試題_解答_q16_answer.webp,,"","兩半徑甚小的絕緣球以輕彈簧相連，已知彈簧的力常數為 $k$、兩球質量分別為 $M$、$m(<M)$，且大球帶電量為 $Q$，而小球不帶電。今將兩球放置在光滑水平面上，並將彈簧由原長壓縮 $R$ 後靜止釋放。試回答下列問題：(1) 請由質心座標系推導出兩球振動週期 $T = 2	imesrac{mM}{k(m+M)}$。(3 分)(2) 已知普朗克常數為 $h$，若大球因振動而沿水平面輻射出「一個」光子，則此振動系統的振幅變化量為何？(4 分)(3) 承 (2)，已知真空光速為 $c$，則兩球質心在水平面上的速率為何？(3 分)答案：(1)略 (2) $-rac{h}{2\pi R}\\sqrt{rac{m+M}{kmM}}$ (3) $rac{h}{2\pi c}\\sqrt{rac{k}{mM(m+M)}}$"
exam-1765246411109,114 中山女中,1,114,中山女中,114中山女中-物理-試題、解答.pdf,q-1765246411135-17,17,Modern Physics,Medium,1,Verified,images/114_中山女中_114中山女中_物理_試題_解答_q17_problem.webp,images/114_中山女中_114中山女中_物理_試題_解答_q17_answer.webp,,"","考慮在波耳氫原子模型中，增加外加磁場的影響。假定氫原子處在均勻磁場$B$中，且磁場方向與電子繞轉原子核的角速度同向。已知庫侖常數$k$、電子質量$m$、電子電量$e$，不計自旋的影響且模型滿足角動量量子化$L = nar{h}(n$為主量子數$)$，試回答下列問題：(1) 電子的軌道半徑公式$R_n = ?$ (5 分)(2) 已知無外加磁場時，電子的軌道半徑為$r_n$，若將外加磁場調為弱磁場，則此磁場對軌道半徑造成改變$(R_n - r_n)$的一階修正項為何？ (5 分) ※$\sqrt{1+x} = 1 + \frac{1}{2}x - \frac{1}{8}x^2 + \frac{1}{16}x^3 + ...$"
exam-1765247232180,114 育成高中(第二次),1,114,育成高中(第二次),114育成高中(第二次)-物理-試題、解答.pdf,q-1765247232195-0,1,Mechanics,Medium,2,Verified,images/114_育成高中(第二次)_114育成高中_第二次__物理_試題_解答_q1_problem.webp,images/114_育成高中(第二次)_114育成高中_第二次__物理_試題_解答_q1_answer.webp,,"","如右圖所示，一物體在傾斜角 $\theta$ 之光滑斜面上以與鉛直線成 $2\theta$ 之夾角，$v_0$ 之初速，斜向拋出一球，重力加速度量值為 $g$，且斜面極長，球可落在斜面上，則自拋出至落回斜面歷時多久？(A) $\frac{2v_0}{g}$ (B) $\frac{2v_0\sin\theta}{g}$ (C) $\frac{2v_0\cos\theta}{g}$ (D) $\frac{v_0\sin\theta\cos\theta}{g}$ (E) $\frac{2v_0\sin\theta\cos\theta}{g}$"
exam-1765247232180,114 育成高中(第二次),1,114,育成高中(第二次),114育成高中(第二次)-物理-試題、解答.pdf,q-1765247232195-1,2,Optics,Medium,2,Verified,images/114_育成高中(第二次)_114育成高中_第二次__物理_試題_解答_q2_problem.webp,images/114_育成高中(第二次)_114育成高中_第二次__物理_試題_解答_q2_answer.webp,,"","一物體與一屏相距 $100\,\text{cm}$，如在其間某處置一凸透鏡，恰可成一實像於屏上，像長 $h_1$ 為 $cm$。又將凸透鏡向屏移動 $50\,\text{cm}$，又可成像於屏上，像長變為 $h_2\,\text{cm}$，則 $\frac{h_1}{h_2}=?$ (A) $1$ 倍 (B) $3$ 倍 (C) $6$ 倍 (D) $8$ 倍 (E) $9$ 倍"
exam-1765247232180,114 育成高中(第二次),1,114,育成高中(第二次),114育成高中(第二次)-物理-試題、解答.pdf,q-1765247232195-2,3,Mechanics,Medium,2,Verified,images/114_育成高中(第二次)_114育成高中_第二次__物理_試題_解答_q3_problem.webp,images/114_育成高中(第二次)_114育成高中_第二次__物理_試題_解答_q3_answer.webp,,"","如右圖所示，用細繩將小球繫在傾斜角 $\theta$ 的光滑斜面上，當更換細繩長度及繫點，使細繩由水平方向的 $A$ 點逐漸向上偏移時，$A\to B\to C\to D$，細繩上的張力將：(A) 逐漸增加 (B) 逐漸減小 (C) 先增加後減小 (D) 先減小後增加 (E) 維持不變。"
exam-1765247232180,114 育成高中(第二次),1,114,育成高中(第二次),114育成高中(第二次)-物理-試題、解答.pdf,q-1765247232195-3,4,Modern Physics,Medium,2,Verified,images/114_育成高中(第二次)_114育成高中_第二次__物理_試題_解答_q4_problem.webp,images/114_育成高中(第二次)_114育成高中_第二次__物理_試題_解答_q4_answer.webp,,"","若氫原子在基態時之電子軌道半徑為 $a$，則當其在第三受激態時其電子的物質波波長為？(A) $3\pi a$ (B) $6\pi a$ (C) $8\pi a$ (D) $9\pi a$"
exam-1765247232180,114 育成高中(第二次),1,114,育成高中(第二次),114育成高中(第二次)-物理-試題、解答.pdf,q-1765247232195-4,5,Astrophysics,Medium,2,Verified,images/114_育成高中(第二次)_114育成高中_第二次__物理_試題_解答_q5_problem.webp,images/114_育成高中(第二次)_114育成高中_第二次__物理_試題_解答_q5_answer.webp,,"","如右圖所示，質量為 $m$ 的三個完全相同的物體，位於邊長 $L$ 的正三角形之三頂點上，物體在相互作用之重力下，於外接圓的軌道上運動而仍保持其相對位置。重力常數 $G$，則物體之角速率為何？"
exam-1765247232180,114 育成高中(第二次),1,114,育成高中(第二次),114育成高中(第二次)-物理-試題、解答.pdf,q-1765247232195-5,6,Modern Physics,Medium,2,Verified,images/114_育成高中(第二次)_114育成高中_第二次__物理_試題_解答_q6_problem.webp,images/114_育成高中(第二次)_114育成高中_第二次__物理_試題_解答_q6_answer.webp,,"","設某放射性元素之半衰期為 $2$ 天，則該元素每一個原子經過 $1$ 天即行蛻變的機率為？(A) $0.146$ (B) $0.293$ (C) $0.500$ (D) $0.707$ 。"
exam-1765247232180,114 育成高中(第二次),1,114,育成高中(第二次),114育成高中(第二次)-物理-試題、解答.pdf,q-1765247232195-6,7,Mechanics,Medium,2,Verified,images/114_育成高中(第二次)_114育成高中_第二次__物理_試題_解答_q7_problem.webp,images/114_育成高中(第二次)_114育成高中_第二次__物理_試題_解答_q7_answer.webp,,"","自同一高度同一時間水平拋出兩個質點，初速度分別為 $v_1, v_2$，方向相反，則自拋出後，到兩質點的速度方向互相垂直所經歷的時間為？(不計空氣阻力，重力加速度為 $g$)"
exam-1765247232180,114 育成高中(第二次),1,114,育成高中(第二次),114育成高中(第二次)-物理-試題、解答.pdf,q-1765247232195-7,8,Optics,Medium,2,Verified,images/114_育成高中(第二次)_114育成高中_第二次__物理_試題_解答_q8_problem.webp,images/114_育成高中(第二次)_114育成高中_第二次__物理_試題_解答_q8_answer.webp,,"","如右圖所示，在凸透鏡主光軸左側兩倍焦距處放置一點光源。如果使透鏡繞過光心 $O$ 且垂直紙面的軸旋轉一小角度，那麼在這個過程中像的位置將"
exam-1765247232180,114 育成高中(第二次),1,114,育成高中(第二次),114育成高中(第二次)-物理-試題、解答.pdf,q-1765247232195-8,9,Mechanics,Medium,2,Verified,images/114_育成高中(第二次)_114育成高中_第二次__物理_試題_解答_q9_problem.webp,images/114_育成高中(第二次)_114育成高中_第二次__物理_試題_解答_q9_answer.webp,,"","如右圖所示，光滑水平面上有靜止的 $A$、$B$、$C$ 三物體緊靠在一起，已知 $m_A = m_B = 1kg$、$m_C = 2kg$。一子彈質量 $300g$，由 $A$ 以水平方向連續穿過三物體後，速度由 $500m/s$ 減為 $260m/s$，穿越 $A$、$B$、$C$ 三物體的時間此為 $1:2:3$。若子彈穿過三物體時所受阻力相同，則 $B$ 物體的末速度為多少 $m/s$？"
exam-1765247232180,114 育成高中(第二次),1,114,育成高中(第二次),114育成高中(第二次)-物理-試題、解答.pdf,q-1765247232195-9,10,Mechanics,Medium,2,Verified,images/114_育成高中(第二次)_114育成高中_第二次__物理_試題_解答_q10_problem.webp,images/114_育成高中(第二次)_114育成高中_第二次__物理_試題_解答_q10_answer.webp,,"","如右圖所示，$A$ 與 $B$ 均為長度 $10cm$ 的磚塊，質量比為 $1:2:3$。若 $A$ 與 $B$ 間的距離為 $3cm$，使磚塊不致傾倒，則 $B$ 與 $C$ 磚塊間的距離 $Y$ 最大值為若干 $cm$？"
exam-1765247232180,114 育成高中(第二次),1,114,育成高中(第二次),114育成高中(第二次)-物理-試題、解答.pdf,q-1765247232195-10,11,Mechanics,Medium,1,Verified,images/114_育成高中(第二次)_114育成高中_第二次__物理_試題_解答_q11_problem.webp,images/114_育成高中(第二次)_114育成高中_第二次__物理_試題_解答_q11_answer.webp,,"","一長度為 $2L$、質量為 $2M$ 的均勻細棒 (可視為剛體), 細棒的中點固定在一垂直 $y$ 軸上。令細棒以一固定的夾角 $	heta$ 繞著垂直 $y$ 軸作等角速度 $	heta$ 轉動, 如右圖所示。當細棒轉到 $x-y$ 平面上的瞬間, 則剛棒繞中點之角動量量值為何? $rac{2}{3}M	heta L^2\sin\theta$"
exam-1765247232180,114 育成高中(第二次),1,114,育成高中(第二次),114育成高中(第二次)-物理-試題、解答.pdf,q-1765247232195-11,12,Electromagnetism,Medium,1,Verified,images/114_育成高中(第二次)_114育成高中_第二次__物理_試題_解答_q12_problem.webp,images/114_育成高中(第二次)_114育成高中_第二次__物理_試題_解答_q12_answer.webp,,"","湯姆森的「陰極射線管實驗」中，在一對長 $L$ 之平行金屬板間加一電場 $E$，若再加一磁場 $B$ 時，將電子垂直電場入射，則電子恰可直線通過。若接下來移去電場，僅留磁場，且電子垂直磁場射入，並通過金屬板後產生 $y$ 之側位移，可知電子荷質比為何？"
exam-1765247232180,114 育成高中(第二次),1,114,育成高中(第二次),114育成高中(第二次)-物理-試題、解答.pdf,q-1765247232195-12,13,Waves & Oscillations,Medium,1,Verified,images/114_育成高中(第二次)_114育成高中_第二次__物理_試題_解答_q13_problem.webp,images/114_育成高中(第二次)_114育成高中_第二次__物理_試題_解答_q13_answer.webp,,"","如圖一聲源S在靜止時發出波長為 $\lambda_0$ 之聲波，當其以速度 $v$ 朝向一長度 $L$ 的單口管移動時，可在管內形成 $5$ 個波節之駐波；而當聲源 $S$ 以反向同速率飛離該管時，可在管內形成 $4$ 個波節。則 $\frac{L}{\lambda_0}$ 為何？ $\frac{63}{32}$"
exam-1765247232180,114 育成高中(第二次),1,114,育成高中(第二次),114育成高中(第二次)-物理-試題、解答.pdf,q-1765247232195-13,14,Waves & Oscillations,Medium,1,Verified,images/114_育成高中(第二次)_114育成高中_第二次__物理_試題_解答_q14_problem.webp,images/114_育成高中(第二次)_114育成高中_第二次__物理_試題_解答_q14_answer.webp,,"","如圖，一質量為 $m$ 、長度為 $L$ 的均勻木棒，左端與可自由轉動的轉軸連接。一彈力常數為 $k$ 的輕質彈簧上端固定，下端與木棒中點連接，重力加速度為 $g$ ，整個系統處於平衡狀態。若將木棒向下稍微拉離平衡位置後放手，使其繞轉軸做小幅度振動，則其振動週期為何？ $2\pi\sqrt{\frac{4m}{3k}}$ 或 $4\pi\sqrt{\frac{m}{3k}}$"
exam-1765247232180,114 育成高中(第二次),1,114,育成高中(第二次),114育成高中(第二次)-物理-試題、解答.pdf,q-1765247232195-14,15,Circuit,Medium,1,Verified,images/114_育成高中(第二次)_114育成高中_第二次__物理_試題_解答_q15_problem.webp,images/114_育成高中(第二次)_114育成高中_第二次__物理_試題_解答_q15_answer.webp,,"","一內電阻為 $15\Omega$ 之檢流計，當指針滿刻度時，線圈中之電流為 $3\text{mA}$ 。今將其改裝成最大可測量 $3\text{V}$ 、 $15\text{V}$ 與 $150\text{V}$ 之伏特計時，電阻 $R_3$ 為何？ $45000\Omega$"
exam-1765247232180,114 育成高中(第二次),1,114,育成高中(第二次),114育成高中(第二次)-物理-試題、解答.pdf,q-1765247232195-15,16,Mechanics,Medium,1,Verified,images/114_育成高中(第二次)_114育成高中_第二次__物理_試題_解答_q16_problem.webp,images/114_育成高中(第二次)_114育成高中_第二次__物理_試題_解答_q16_answer.webp,,"","光滑水平面上有重量之甲乙兩木塊，其質量各為 $2m$ 與 $m$ 。起初，甲木塊在水平面上靜止，而乙木塊在甲木塊上之左緣以初速 $v$ 向右運動。已知甲乙兩木塊之間的動摩擦係數為 $\mu_k$ ，重力加速度為 $g$ 。設甲木塊夠長，甲、乙達相同速度時，速度量值為何？ $\frac{v}{3}$"
exam-1765247232180,114 育成高中(第二次),1,114,育成高中(第二次),114育成高中(第二次)-物理-試題、解答.pdf,q-1765247232195-16,17,Modern Physics,Medium,1,Verified,images/114_育成高中(第二次)_114育成高中_第二次__物理_試題_解答_q17_problem.webp,images/114_育成高中(第二次)_114育成高中_第二次__物理_試題_解答_q17_answer.webp,,"","波長為 $\lambda$ 的光照射某金屬表面，所放出電子的最大動能為 $T$。若改用波長為 $\frac{3}{4}\lambda$ 的光照射，則所放出電子的最大動能為 $2T$。試問此金屬的功函數為何？($h$ 為卜朗克常數，$c$ 為光速。以 $h,c,\lambda$ 表示)"
exam-1765247232180,114 育成高中(第二次),1,114,育成高中(第二次),114育成高中(第二次)-物理-試題、解答.pdf,q-1765247232195-17,18,Mechanics,Medium,1,Verified,images/114_育成高中(第二次)_114育成高中_第二次__物理_試題_解答_q18_problem.webp,images/114_育成高中(第二次)_114育成高中_第二次__物理_試題_解答_q18_answer.webp,,"","一材質不均勻的木棒，左右兩端分別用長度為 $L_1$ 及 $L_2$ 的絲繩懸於天花板的同一點，若木棒之重心與左右兩端距離比為 $2:3$，平衡時左、右兩端的張力大小各為 $T_1$、$T_2$，則 $T_1:T_2$ 為？"
exam-1765247232180,114 育成高中(第二次),1,114,育成高中(第二次),114育成高中(第二次)-物理-試題、解答.pdf,q-1765247232195-18,19,Fluid Dynamics,Medium,1,Verified,images/114_育成高中(第二次)_114育成高中_第二次__物理_試題_解答_q19_problem.webp,images/114_育成高中(第二次)_114育成高中_第二次__物理_試題_解答_q19_answer.webp,,"","在水平地面上有一台運動中的平板車，車上固定一裝水的燒杯，燒杯的直徑為 $L$，當小車以 $a$ 做等加速度運動，水面如右圖所示，則左右液面高度差 $h$ 為何？"
exam-1765247232180,114 育成高中(第二次),1,114,育成高中(第二次),114育成高中(第二次)-物理-試題、解答.pdf,q-1765247232195-19,20,Electromagnetism,Medium,1,Verified,images/114_育成高中(第二次)_114育成高中_第二次__物理_試題_解答_q20_problem.webp,images/114_育成高中(第二次)_114育成高中_第二次__物理_試題_解答_q20_answer.webp,,"","如右圖所示，半徑均為 $r$ 的兩圓形線圈，其匝數均為 $N$，兩線圈中心的連線均與線圈面垂直，已知兩線圈中心相距 $2\sqrt{3}r$，且均以同方向的電流 $I$，真空中導磁率為 $\mu_0$，則在兩線圈中心連線上的中點 $P$ 處，其磁場量值為？"
exam-1765247232180,114 育成高中(第二次),1,114,育成高中(第二次),114育成高中(第二次)-物理-試題、解答.pdf,q-1765247232195-20,21,Electromagnetism,Medium,1,Verified,images/114_育成高中(第二次)_114育成高中_第二次__物理_試題_解答_q21_problem.webp,images/114_育成高中(第二次)_114育成高中_第二次__物理_試題_解答_q21_answer.webp,,"","如下圖所示，光滑平行金屬軌的 $ab$ 部分是平滑的曲線，該處沒有磁場。$bc$、$cd$ 的部分置於水平桌面，該處有均勻鉛直向上的磁場 $B$，且 $bc$ 部分的寬度 $2L$ 是 $cd$ 部分的兩倍。今有兩相同材質的導體棒 P、Q，質量分別為 $m$、$2m$，Q 原靜置於 $cd$ 部分，P 則由高出桌面 $h$ 處由靜止滑下，設 $bc$、$cd$ 的長度均甚長，且 P、Q 最後分別於 $bc$ 和 $cd$ 上作等速度運動，則導體棒 P 的終端速率應為？

 9.   在水平地面上有一台運動中的平板車，車上固定一裝水的燒杯，燒杯  的直徑為Ｌ，當小車以   𝑎   做等加速度運動，水面如右圖所示，則左  右液面高度差 ｈ 為何？  𝒂𝑳  𝒈"
exam-1765247232180,114 育成高中(第二次),1,114,育成高中(第二次),114育成高中(第二次)-物理-試題、解答.pdf,q-1765247232195-22,22,Optics,Medium,1,Verified,images/114_育成高中(第二次)_114育成高中_第二次__物理_試題_解答_q22_problem.webp,images/114_育成高中(第二次)_114育成高中_第二次__物理_試題_解答_q22_answer.webp,,"","兩個點光源 $S_1$、$S_2$ 間的距離為 $24cm$，使用焦距為 $9cm$ 的薄透鏡 $L$，垂直放置於兩點光源 $S_1$、$S_2$ 的連線上並調整位置，如右圖所示，當薄透鏡 $L$ 較接近光源 $S_1$ 時，兩點光源成像於同一位置，則兩點光源到透鏡的距離比為？ $1:3$"
exam-1765247232180,114 育成高中(第二次),1,114,育成高中(第二次),114育成高中(第二次)-物理-試題、解答.pdf,q-1765247232195-23,23,Electromagnetism,Medium,0,Verified,images/114_育成高中(第二次)_114育成高中_第二次__物理_試題_解答_q23_problem.webp,,,"","如右圖所示，半徑均為 $r$ 的兩圓形線圈，其匝數均為 $N$，兩線圈中心的連線與線圈面垂直，已知兩線圈中心相距 $2\sqrt{3}r$，且均通以同方向的電流 $I$。真空中磁導率為 $\mu_0$，則在兩線圈中心連線上的中點 $P$ 處，其磁場量值為？ $\frac{\mu_0 NI}{8r}$"
exam-1765247232180,114 育成高中(第二次),1,114,育成高中(第二次),114育成高中(第二次)-物理-試題、解答.pdf,q-1765247232195-24,24,Electromagnetism,Medium,0,Verified,images/114_育成高中(第二次)_114育成高中_第二次__物理_試題_解答_q24_problem.webp,,,"","如下圖所示,光滑平行金屬軌的ab部分是平滑的曲線,該處沒有磁場。bc、cd的部分置於水平桌面上,該處有均勻鉛直向上的磁場$B$,且bc部分的寬度$2L$是cd部分的兩倍。今有兩相同材質的導體棒$P$、$Q$,質量分別為$m$、$2m$。$Q$原靜置於cd部分,$P$則由高出桌面$h$處,由靜止滑下,設bc、cd的長度均甚長,且$P$、$Q$最後分別於bc和cd上作等速度運動,則導體棒$P$的終端速率應為？"
exam-1765247232180,114 育成高中(第二次),1,114,育成高中(第二次),114育成高中(第二次)-物理-試題、解答.pdf,q-1765247232195-25,25,Optics,Medium,0,Verified,images/114_育成高中(第二次)_114育成高中_第二次__物理_試題_解答_q25_problem.webp,,,"","兩個點光源$S_1$、$S_2$間的距離為$24cm$,使用焦距為$9cm$的薄透鏡$L$,垂直放置於兩點光源$S_1$、$S_2$的連線上並調整位置,如右圖所示,當薄透鏡$L$較接近光源$S_1$時,兩點光源成像於同一位置,則兩點光源到透鏡的距離比為？"
exam-1765248104954,114 桃園高中,1,114,桃園高中,114桃園高中-物理-試題.pdf,q-1765248104971-0,1,Circuit,Medium,1,Verified,images/114_桃園高中_114桃園高中_物理_試題_q1_problem.webp,images/114_桃園高中_114桃園高中_物理_試題_q1_answer.webp,,"","右圖，六段電阻均為 $R$ 的等長電阻線連接成一正三角錐，再接於電動勢為 $\epsilon$ (內電阻為 $R/4$) 的電池兩端，求通過 $B$、$C$ 兩點間電阻線的電流為______。"
exam-1765248104954,114 桃園高中,1,114,桃園高中,114桃園高中-物理-試題.pdf,q-1765248104971-1,2,Mechanics,Medium,1,Verified,images/114_桃園高中_114桃園高中_物理_試題_q2_problem.webp,images/114_桃園高中_114桃園高中_物理_試題_q2_answer.webp,,"","如圖，有一長為 $L$，質量為 $M$ 的細長均質桿 $AB$，置於光滑水平面上，起初細桿為靜止狀態，一質量為 $m$ 的小球以水平速度 $v$ 推擊距桿上端 $A$ 點 $\frac{1}{4}L$ 處的 $O$ 點，與細桿發生彈性碰撞，碰撞後瞬間，細桿上的某處其瞬時速度為零，此處與 $B$ 點的距離為______。(已知細桿對細桿中點的轉動慣量為 $\frac{ML^2}{12}$)"
exam-1765248104954,114 桃園高中,1,114,桃園高中,114桃園高中-物理-試題.pdf,q-1765248104971-2,3,Electromagnetism,Medium,1,Verified,images/114_桃園高中_114桃園高中_物理_試題_q3_problem.webp,images/114_桃園高中_114桃園高中_物理_試題_q3_answer.webp,,"","有一電感為 $4$ 亨利的電感元件，通過該電感的電流隨時間變化為 $i(t) = 5\sin(\pi t)$ [SI 單位]。當 $t = \frac{1}{3}$ 秒時，此時電感產生的電動勢大小為______伏特"
exam-1765248104954,114 桃園高中,1,114,桃園高中,114桃園高中-物理-試題.pdf,q-1765248104971-3,4,Thermodynamics,Medium,1,Verified,images/114_桃園高中_114桃園高中_物理_試題_q4_problem.webp,images/114_桃園高中_114桃園高中_物理_試題_q4_answer.webp,,"","如圖所示，有兩個體積固定的絕熱容器分別裝有單原子的 $A$ 氣體及雙原子的 $B$ 氣體，其壓力、體積與絕對溫度分別為 $P_1$、$V_1$、$T_1$ 及 $P_2$、$V_2$、$T_2$。今用一細管連通此兩容器，則平衡時室的溫度為______ (答案以 $P_1$、$V_1$、$P_2$、$V_2$、$T_1$、$T_2$ 表示之，並化簡為最簡分式)"
exam-1765248104954,114 桃園高中,1,114,桃園高中,114桃園高中-物理-試題.pdf,q-1765248104971-4,5,Thermodynamics,Medium,2,Verified,images/114_桃園高中_114桃園高中_物理_試題_q5_problem.webp,images/114_桃園高中_114桃園高中_物理_試題_q5_answer.webp,,"","右圖中一豎直立的封閉均勻玻璃管，內有一段水銀柱，水銀柱上下有溫度相同的$A$、$B$兩部分理想氣體，現在把這兩部分的氣體升高相同的溫度，則在不考慮玻璃管及水銀熱漲冷縮下，水銀高度將______ (升高、下降、不動、無法判斷)"
exam-1765248104954,114 桃園高中,1,114,桃園高中,114桃園高中-物理-試題.pdf,q-1765248104971-5,6,Thermodynamics,Medium,1,Verified,images/114_桃園高中_114桃園高中_物理_試題_q6_problem.webp,images/114_桃園高中_114桃園高中_物理_試題_q6_answer.webp,,"","右圖中$a$、$b$、$c$為某一雙原子分子的定量理想氣體的狀態，其中$\rho$為密度，$T$為絕對溫度，若分子量為$M$，莫耳數為$n$，$\text{R}$為理想氣體常數，則(1)氣體自$c$至$a$的過程中，氣體分子對外作功______

(2)氣體自$c$至$a$的過程中，內能變化______"
exam-1765248104954,114 桃園高中,1,114,桃園高中,114桃園高中-物理-試題.pdf,q-1765248104971-7,7,Mechanics,Medium,1,Verified,images/114_桃園高中_114桃園高中_物理_試題_q7_problem.webp,images/114_桃園高中_114桃園高中_物理_試題_q7_answer.webp,,"","一長度為$l$、重量為$W_1$之細鐵桿，受皂膜之表面張力作用自靜止以$a$之加速度向上運動，如圖所示。請問於$2$秒內皂膜表面位能的變化量為______。(重力加速度為$g$)"
exam-1765248104954,114 桃園高中,1,114,桃園高中,114桃園高中-物理-試題.pdf,q-1765248104971-8,8,Optics,Medium,1,Verified,images/114_桃園高中_114桃園高中_物理_試題_q8_problem.webp,images/114_桃園高中_114桃園高中_物理_試題_q8_answer.webp,,"","一個雙狹縫如圖所示，用波長為 $500	ext{ nm}$ 的單色光照射，會在光屏上產生干涉條紋。今將一 厚度為 $t	ext{ }(4000	ext{ nm} < t < 8000	ext{ nm})$，折射率為 $1.5$ 的玻璃片放在第二個狹縫附近，假設玻璃 片所吸收和反射的光量很小，可忽略不計，則玻璃片的厚度 $t$ 最小為______$	ext{ nm}$ 時，中心 點的光強度為最弱。"
exam-1765248104954,114 桃園高中,1,114,桃園高中,114桃園高中-物理-試題.pdf,q-1765248104971-9,9,Waves & Oscillations,Medium,1,Verified,images/114_桃園高中_114桃園高中_物理_試題_q9_problem.webp,images/114_桃園高中_114桃園高中_物理_試題_q9_answer.webp,,"","右圖所示為頻率 $1000	ext{ Hz}$ 的聲源以等速度移動時，所發出的球面波分佈情 形，每個球面波相隔一個週期，圖中相鄰兩格線的間距都相等。已知聲速 為 $340	ext{ m/s}$，則此聲源移動的速率約為______$	ext{ m/s}$"
exam-1765248104954,114 桃園高中,1,114,桃園高中,114桃園高中-物理-試題.pdf,q-1765248104971-10,10,Electromagnetism,Medium,1,Verified,images/114_桃園高中_114桃園高中_物理_試題_q10_problem.webp,images/114_桃園高中_114桃園高中_物理_試題_q10_answer.webp,,"","考慮如圖的線路，右邊是質量為 $m$ 而長度為 $\ell$ 的金屬棒，可以在導線上滑動形成導通的迴路，且滑動時摩擦力可忽略不計。將整個迴路放置於量值為 $B$、方向為射入紙面 (以 $\times$ 表示) 的均勻磁場中，除了電阻 $R$ 外，假設此迴路其餘部分的電阻皆可忽略。如果金屬棒有一初速 $v$，則經過一段特定時間 $t$ 之後，金屬棒的速率就會減半成 $\frac{v}{2}$，而且 $t$ 與初速無關。其原理是因為電磁感應：金屬棒的運動造成迴路的磁通量改變，產生應電流，而此電流讓運動中的金屬棒，在磁場中受到一反向的磁力，因此會減速。試計算 $t$ 為 ______ (答案以 $m$、$R$、$\ell$、$B$ 表示之)。"
exam-1765248104954,114 桃園高中,1,114,桃園高中,114桃園高中-物理-試題.pdf,q-1765248104971-11,11,Mechanics,Medium,1,Verified,images/114_桃園高中_114桃園高中_物理_試題_q11_problem.webp,images/114_桃園高中_114桃園高中_物理_試題_q11_answer.webp,,"","如右圖，重力加速度 $g=10	ext{ m/s}^2$，彈簧常數 $k=50	ext{ N/m}$、原長度 $L=10	ext{ m}$ 的理想彈簧，下端固 定於地面。 若先將彈簧壓縮 $D=2.4	ext{ m}$，再置一質量 $2	ext{ kg}$ 的物體於此壓縮彈簧的頂端，釋放後物體被鉛直向 上彈升。則 (a)物體上升期間的最大速率為______$	ext{ m/s}$

(b)物體上升最高時離地的高度為______m"
exam-1765248104954,114 桃園高中,1,114,桃園高中,114桃園高中-物理-試題.pdf,q-1765248104971-13,12,Modern Physics,Medium,1,Verified,images/114_桃園高中_114桃園高中_物理_試題_q12_problem.webp,images/114_桃園高中_114桃園高中_物理_試題_q12_answer.webp,,"","在波耳的氫原子模型中，電子作圓軌道運動的頻率為$	ext{f}$，$	ext{h}$為普朗克常數，則當量子數為$	ext{n}$時，電子的總能量為______"
exam-1765248104954,114 桃園高中,1,114,桃園高中,114桃園高中-物理-試題.pdf,q-1765248104971-14,13,Thermodynamics,Medium,1,Verified,images/114_桃園高中_114桃園高中_物理_試題_q13_problem.webp,images/114_桃園高中_114桃園高中_物理_試題_q13_answer.webp,,"","熱氣球的體積$200	ext{m}^3$，質量$40	ext{kg}$ (不包含空氣)，環境溫度為$27^{\circ}\text{C}$，空氣的密度為$1.2\text{kg/m}^3$，則將熱氣球內空氣加熱到______$^{\circ}\text{C}$時可以順利升空(絕對零度為$-273^{\circ}\text{C}$)"
exam-1765248104954,114 桃園高中,1,114,桃園高中,114桃園高中-物理-試題.pdf,q-1765248104971-15,14,Modern Physics,Medium,1,Verified,images/114_桃園高中_114桃園高中_物理_試題_q14_problem.webp,images/114_桃園高中_114桃園高中_物理_試題_q14_answer.webp,,"","分別以波長$\lambda$與$\frac{\lambda}{2}$的光照射同一金屬，進行光電效應的實驗，所測得的截止電壓大小為$1:3$，光速為$\text{c}$，普朗克常數為$\text{h}$，則此金屬的功函數為______"
exam-1765248104954,114 桃園高中,1,114,桃園高中,114桃園高中-物理-試題.pdf,q-1765248104971-16,15,Electromagnetism,Medium,1,Verified,images/114_桃園高中_114桃園高中_物理_試題_q15_problem.webp,images/114_桃園高中_114桃園高中_物理_試題_q15_answer.webp,,"","如圖所示，有兩個金屬薄球殼，半徑分別為 $r$ 與 $2r$，共用球心 $O$ 點。已知內球殼的帶電量為 $+Q$，外球殼不帶電，且在距 $O$ 點 $4r$ 的位置有一電量 $-Q$ 的點電荷，求：(定義無限遠處為位能零點，庫侖常數為 $k$)(1)內球殼的電位為______

(2)外球殼的電位______"
exam-1765248104954,114 桃園高中,1,114,桃園高中,114桃園高中-物理-試題.pdf,q-1765248104971-18,16,Electromagnetism,Medium,1,Verified,images/114_桃園高中_114桃園高中_物理_試題_q16_problem.webp,images/114_桃園高中_114桃園高中_物理_試題_q16_answer.webp,,"","一半徑為 $R$ 的薄圓盤，均勻帶電量 $Q$，以圓盤中心的軸，等角速度 $\omega$ 轉動，則圓盤中心處的磁場大小______(真空中 的磁導率為 $\mu_0$)"
exam-1765248104954,114 桃園高中,1,114,桃園高中,114桃園高中-物理-試題.pdf,q-1765248104971-19,17,Circuit,Medium,1,Verified,images/114_桃園高中_114桃園高中_物理_試題_q17_problem.webp,images/114_桃園高中_114桃園高中_物理_試題_q17_answer.webp,,"","有一個無限寫式電路如圖所示，請問電流 $I$ 的大小為______A"
exam-1765248104954,114 桃園高中,1,114,桃園高中,114桃園高中-物理-試題.pdf,q-1765248104971-20,18,Mechanics,Medium,1,Verified,images/114_桃園高中_114桃園高中_物理_試題_q18_problem.webp,images/114_桃園高中_114桃園高中_物理_試題_q18_answer.webp,,"","如圖，一個小球質量為 $m$，在半徑為 $R$ 的光滑碗內，沿與鉛垂線夾角 $	heta$ 的水平面上，作等速圓周運動，且碗固定不動。若重力加速度為 $g$，請計算小球運動半圓的過程中，正向力造成的衝量大小 ______"
exam-1765248104954,114 桃園高中,1,114,桃園高中,114桃園高中-物理-試題.pdf,q-1765248104971-21,19,Waves & Oscillations,Medium,1,Verified,images/114_桃園高中_114桃園高中_物理_試題_q19_problem.webp,images/114_桃園高中_114桃園高中_物理_試題_q19_answer.webp,,"","如圖，$S_1$、$S_2$ 為反相點波源，相距 $4	ext{λ}$，若由 $S_2$ 出發往 $A$ 的方向前進，第一次見到腹緣的位置距離 $S_2$ 為 ______ $	ext{λ}$"
exam-1765248104954,114 桃園高中,1,114,桃園高中,114桃園高中-物理-試題.pdf,q-1765248104971-22,20,Modern Physics,Medium,1,Verified,images/114_桃園高中_114桃園高中_物理_試題_q20_problem.webp,images/114_桃園高中_114桃園高中_物理_試題_q20_answer.webp,,"","Given the speed of light $c$, the elementary charge $e$, the reduced Planck constant $	ext{ħ}$, the electron mass $m$, and Coulomb's constant $k$, express the Rydberg constant for the hydrogen spectrum in terms of these physical constants. Ans: ______"
exam-1765248104954,114 桃園高中,1,114,桃園高中,114桃園高中-物理-試題.pdf,q-1765248104971-23,21,Electromagnetism,Medium,1,Verified,images/114_桃園高中_114桃園高中_物理_試題_q21_problem.webp,images/114_桃園高中_114桃園高中_物理_試題_q21_answer.webp,,"","A rectangular loop of wire with length $a$, width $b$, and resistance $R$ is placed near an infinitely long wire carrying current $i$. The loop is then moved away from the wire at constant speed $v$. When the center of the loop is at distance $r$ ($b 	ext{«} r$), what is the magnitude of the induced current in the loop? (Suppose the magnetic permeability is $	ext{μ}_	ext{o}$) Ans: ______"
exam-1765248104954,114 桃園高中,1,114,桃園高中,114桃園高中-物理-試題.pdf,q-1765248104971-24,22,Mechanics,Medium,0,Verified,images/114_桃園高中_114桃園高中_物理_試題_q22_problem.webp,,,"","一個半徑為 $R$ 質量為 $m$ 的實心小球，小球質心以初速率 $V$ 在粗糙水平地面上純滾動，若忽略空氣阻力、小球與地面間的靜摩擦係數為 $\mu_s$、動摩擦係數為 $\mu_k$，請你用學生聽得懂的方式說明：小球經多久後會停止滾動？"
exam-1765248104954,114 桃園高中,1,114,桃園高中,114桃園高中-物理-試題.pdf,q-1765248104971-25,23,Modern Physics,Medium,0,Verified,images/114_桃園高中_114桃園高中_物理_試題_q23_problem.webp,,,"","一個電子和一個正電子對湮滅後會變成光子，但卻無法反過來用一個光子衰變成一個電子和一個正電子。請寫出你如何在課堂上跟學生講解「為什麼一個光子不會衰變成一個電子和一個正電子？」"
exam-1765248104954,114 桃園高中,1,114,桃園高中,114桃園高中-物理-試題.pdf,q-1765248104971-26,24,Waves & Oscillations,Medium,0,Verified,images/114_桃園高中_114桃園高中_物理_試題_q24_problem.webp,,,"","閉管共鳴空氣柱實驗中，利用噴煙煙霧的方式，可以拍下黑色煙霧的分布如右圖所示，試根據右圖(向右位移為正)(1)畫出氣體分子的位移 $\Delta x$ 對 $x$ 的作圖(2)屬於第幾諧音，第幾泛音？"
exam-1765248104954,114 桃園高中,1,114,桃園高中,114桃園高中-物理-試題.pdf,q-1765248244007-27,25,Mechanics,Medium,0,Verified,images/114_桃園高中_114桃園高中_物理_試題_q25_problem.webp,,,"","一質量為 $m$，半徑為 $R$ 的均質圓柱，在一斜角為 $\theta$ 的粗糙長斜面上，以初速 $v_0$ 向上作純滾動，如圖所示(重力加速度為 $g$)(1)請問圓柱由開始上坡至最高點，所經歷的時間為何？(2)請說明上、下坡時摩擦力的方向，並解釋說明。"
exam-1765248104954,114 桃園高中,1,114,桃園高中,114桃園高中-物理-試題.pdf,q-1765248244007-28,26,Mechanics,Medium,0,Verified,images/114_桃園高中_114桃園高中_物理_試題_q26_problem.webp,,,"","如圖所示，一個質量為 $M$、半徑為 $r$ 的均勻圓盤，可繞固定水平軸自由轉動。圓盤的邊緣繞有一條細繩，繩子一端連接彈力常數為 $k$ 的彈簧，另一端懸掛一質量為 $m$ 的小物塊。若 $m$ 由原本平衡位置，被輕微下拉後開始振動，過程中繩子不打滑，請計算： (1)均勻圓盤的轉動慣量 (2)計算其振動週期"
exam-1765248104954,114 桃園高中,1,114,桃園高中,114桃園高中-物理-試題.pdf,q-1765248244007-29,27,Uncategorized,Medium,0,Verified,images/114_桃園高中_114桃園高中_物理_試題_q27_problem.webp,,,"","第   1   頁，共   1 頁  一、填空題   ( 總共   24   格，每格   3   分，共   72   分 )  ( 1)  𝜀  3 𝑅  ( 2)  𝐿  6  ( 3)  10 𝜋  ( 4)  𝑇 1 𝑇 2 ( 3 𝑃 1 𝑉 1   +   5 𝑃 2 𝑉 2 )  3 𝑇 2 𝑃 1 𝑉 1   +   5 𝑇 1 𝑃 2 𝑉 2  ( 5)  升高  (6)  − 𝑛𝑅 𝑇 0  ( 7)  5 𝑛𝑅 𝑇 0  2  ( 8)  − 2 𝑊 1 𝑎   ( 1   +   𝑎  𝑔 )  ( 9)  4500  ( 10)  567  ( 11)  𝑚𝑅  ℓ 2 𝐵 2   𝑙𝑛 2  ( 12)  10  ( 13)  14.8  ( 14)  −   𝑛 ℎ 𝑓  2  ( 15)  8 7  ( 16)  ℎ 𝑐  2 𝜆  ( 17)  5 𝑘𝑄  4 𝑟  ( 18)  3 𝑘𝑄  4 𝑟  ( 19)  𝜇 0 𝜔𝑄  2 𝜋𝑅  ( 20)  4  ( 21)  𝑚 √   𝜋 2 𝑅𝑔𝑐𝑜𝑠 𝜃  + 4 𝑅𝑔𝑡𝑎𝑛 𝜃 𝑠𝑖𝑛 𝜃  ( 22)  15  28  ( 23)  𝑘 2 𝑚 𝑒 4  4 𝜋 ℏ 3 𝑐  ( 24)  𝜇 0 𝑖𝑎𝑏𝑣  2 𝜋 𝑟 2 𝑅  二、簡答題   ( 每小題   2   分，共   8   分 )  1 .   略  2 .   略  3.   略  三、計算題   ( 每小題   5   分，共   2 0   分，需計算過程，若無計算過程不予計分 )  1 .   略  2 .   略"
exam-1765249255349,114 羅東高中,1,114,羅東高中,114羅東高中-物理-試題.pdf,q-1765249255363-0,1,Mechanics,Medium,1,Verified,images/114_羅東高中_114羅東高中_物理_試題_q1_problem.webp,images/114_羅東高中_114羅東高中_物理_試題_q1_answer.webp,,"","右圖中，甲、乙、丙三球的質量分別為 $2m$、$m$、$m$，三球的大小相同且球心正對，甲、乙間連結的理想輕彈簧常數為 $k$，不計其他阻力作用。今丙以速度 $v$ 水平接近乙發生彈性碰撞，若 $k$ 極大，則丙碰撞後的速率為 ______。

若 $k$ 極小，則丙碰撞後的速率為 ______。"
exam-1765249255349,114 羅東高中,1,114,羅東高中,114羅東高中-物理-試題.pdf,q-1765249255363-2,2,Mechanics,Medium,1,Verified,images/114_羅東高中_114羅東高中_物理_試題_q2_problem.webp,images/114_羅東高中_114羅東高中_物理_試題_q2_answer.webp,,"","有一質量 $4$ 公斤，斜角 $37^	ext{o}$ 的光滑斜面三角形木塊，其上放置質量 $5$ 公斤的物體，如圖，若物體沿光滑斜面下滑，欲使木塊保持靜止，則三角形木塊底面與地面間的靜摩擦係數至少應為？"
exam-1765249255349,114 羅東高中,1,114,羅東高中,114羅東高中-物理-試題.pdf,q-1765249255363-3,3,Waves & Oscillations,Medium,1,Verified,images/114_羅東高中_114羅東高中_物理_試題_q3_problem.webp,images/114_羅東高中_114羅東高中_物理_試題_q3_answer.webp,,"","邊長 $20 \text{ cm}$、密度 $0.6 \text{ g/cm}^3$ 的正立方木塊，靜置於水中向下壓 $5 \text{ cm}$ 後釋放，則木塊振動之週期為何？"
exam-1765249255349,114 羅東高中,1,114,羅東高中,114羅東高中-物理-試題.pdf,q-1765249255363-4,4,Mechanics,Medium,1,Verified,images/114_羅東高中_114羅東高中_物理_試題_q4_problem.webp,images/114_羅東高中_114羅東高中_物理_試題_q4_answer.webp,,"","如圖所示，質量 $80\operatorname{kg}$ 的人站在一滑車上之磅秤上，滑車則在一個傾斜角為 $30^\circ$ 的斜面上下滑，試問滑車上方磅秤的讀數為______$\operatorname{kg}$。"
exam-1765249255349,114 羅東高中,1,114,羅東高中,114羅東高中-物理-試題.pdf,q-1765249255363-5,5,Mechanics,Medium,1,Verified,images/114_羅東高中_114羅東高中_物理_試題_q5_problem.webp,images/114_羅東高中_114羅東高中_物理_試題_q5_answer.webp,,"","如圖所示，一根輕質彈簧上端固定，下端掛一質量為 $m_0$ 的托盤，盤中有一物體，質量為 $m$，當盤靜止時，彈簧的長度比其自然長度伸長了 $L$，今向下拉動使彈簧再伸長 $\Delta L$ 後停止然後鬆手放開，設彈簧總處在彈性限度以內，則剛鬆手時盤對物體的正向力為？"
exam-1765249255349,114 羅東高中,1,114,羅東高中,114羅東高中-物理-試題.pdf,q-1765249255363-6,6,Mechanics,Medium,1,Verified,images/114_羅東高中_114羅東高中_物理_試題_q6_problem.webp,images/114_羅東高中_114羅東高中_物理_試題_q6_answer.webp,,"","如圖所示，一質量為 $m$ 的質點在光滑水平面上的速率為 $2\sqrt{gR}$，則該質點沿光滑圓軌道上升，脫離軌道時的高度為______。"
exam-1765249255349,114 羅東高中,1,114,羅東高中,114羅東高中-物理-試題.pdf,q-1765249255363-7,7,Mechanics,Medium,1,Verified,images/114_羅東高中_114羅東高中_物理_試題_q7_problem.webp,images/114_羅東高中_114羅東高中_物理_試題_q7_answer.webp,,"","如圖所示，一個 $3 \text{ kg}$ 的木塊靜止於仰角 $37^\circ$ 的斜面上，木塊與斜面之間的摩擦係數 $\mu=0.4$ 。其中一端以質量可忽略不計的細線纏繞在質量與半徑分別為 $1 \text{ kg}$ 與 $10 \text{ cm}$ 的實心轉輪上，轉軸阻力可忽略。則木塊釋放後，轉輪的角加速度為多少？ (重力加速度 $g=10 \text{ m/s}^2$，轉輪之轉動慣量 $I=\frac{1}{2}MR^2$) 。"
exam-1765249255349,114 羅東高中,1,114,羅東高中,114羅東高中-物理-試題.pdf,q-1765249255363-8,8,Mechanics,Medium,1,Verified,images/114_羅東高中_114羅東高中_物理_試題_q8_problem.webp,images/114_羅東高中_114羅東高中_物理_試題_q8_answer.webp,,"","A、B兩物的質量比$m_A : m_B = 1 : 2$，用質量不計的彈簧連結在一起，放在光滑水平地面上，A物體靠在牆邊，如圖所示。用力向左推B物體，壓縮彈簧，外力對其作功為$60 \text{ J}$時，突然撤去外力，從A物體開始向右運動以後，彈簧彈性位能的最大值為多少焦耳？"
exam-1765249255349,114 羅東高中,1,114,羅東高中,114羅東高中-物理-試題.pdf,q-1765249255363-9,9,Optics,Medium,1,Verified,images/114_羅東高中_114羅東高中_物理_試題_q9_problem.webp,images/114_羅東高中_114羅東高中_物理_試題_q9_answer.webp,,"","如圖所示，三個容積各為 $1$ 公升、$2$ 公升、及 $4$ 公升的剛性容器 $A$、$B$、$C$ 以三細管連結於 $O$ 點。$O$ 處裝設有三開三關閥門以控制三個容器間的連通與否。開始時間閥門打開使三個容器連通，此系統內裝滿理想氣體，然後將閥門封閉，且將 $A$、$B$、$C$ 各置入 $100K$、$200K$ 及 $400K$ 的熱庫中，使其的溫度維持不變，並量得 $B$ 中的氣壓為 $2 \text{ atm}$。此時若將閥門打開卻維持各容器溫度不變，則最後平衡壓力為多少？"
exam-1765249255349,114 羅東高中,1,114,羅東高中,114羅東高中-物理-試題.pdf,q-1765249255363-10,10,Optics,Medium,1,Verified,images/114_羅東高中_114羅東高中_物理_試題_q10_problem.webp,images/114_羅東高中_114羅東高中_物理_試題_q10_answer.webp,,"","有焦距均為 $10 	ext{ cm}$ 的兩個薄透鏡，第一透鏡為凸透鏡，第二透鏡為凹透鏡，兩透鏡間距離為 $5 	ext{ cm}$，今有一物 AB 置於凸透鏡前 $20 	ext{ cm}$ 處，則最後的成像與凸透鏡的距離為 ______ $	ext{cm}$ (須標註在凸透鏡前方還是後方)。"
exam-1765249255349,114 羅東高中,1,114,羅東高中,114羅東高中-物理-試題.pdf,q-1765249255363-11,11,Optics,Medium,1,Verified,images/114_羅東高中_114羅東高中_物理_試題_q11_problem.webp,images/114_羅東高中_114羅東高中_物理_試題_q11_answer.webp,,"","如圖所示之一組雙狹縫，狹縫間距為 $d$，今用一波長為 $\lambda$ 的平行光束以 $\alpha$ 角入射，則以 $\theta$ 角出射的光線 ① 與 ② 到達遠端螢幕上的光程差為 ______。"
exam-1765249255349,114 羅東高中,1,114,羅東高中,114羅東高中-物理-試題.pdf,q-1765249255363-12,12,Electromagnetism,Medium,1,Verified,images/114_羅東高中_114羅東高中_物理_試題_q12_problem.webp,images/114_羅東高中_114羅東高中_物理_試題_q12_answer.webp,,"","圖為一半徑 $r$, 荷電 $+Q$ 之小金屬球置於內、外半徑各為 $4r$、$5r$, 荷電 $+10Q$ 的大金屬球殼之球心上, 求球心電位?"
exam-1765249255349,114 羅東高中,1,114,羅東高中,114羅東高中-物理-試題.pdf,q-1765249255363-13,13,Modern Physics,Medium,1,Verified,images/114_羅東高中_114羅東高中_物理_試題_q13_problem.webp,images/114_羅東高中_114羅東高中_物理_試題_q13_answer.webp,,"","如圖所示之線路，三個電阻器之電阻分別為 $r=2\ \Omega$, $R=3\ \Omega$, $R'=4.8\ \Omega$，而圓形螺線管之磁場隨時間 $t$ 變化，使通過右邊正方形內部，進入紙面之磁通量 $\Phi_B (t) = 5t$，則通過 $R$ 的電流大小為？"
exam-1765249255349,114 羅東高中,1,114,羅東高中,114羅東高中-物理-試題.pdf,q-1765249255363-14,14,Mechanics,Medium,1,Verified,images/114_羅東高中_114羅東高中_物理_試題_q14_problem.webp,images/114_羅東高中_114羅東高中_物理_試題_q14_answer.webp,,"","在距離相隔 $d$ 的兩固定壁間作往返運動的帶電粒子可產生輻射，若粒子質量為 $m$，普朗克常數為 $h$，則此粒子由第二激發態躍遷至基態時，其放出的輻射頻率為______。"
exam-1765249255349,114 羅東高中,1,114,羅東高中,114羅東高中-物理-試題.pdf,q-1765249255363-15,15,Mechanics,Medium,1,Verified,images/114_羅東高中_114羅東高中_物理_試題_q15_problem.webp,images/114_羅東高中_114羅東高中_物理_試題_q15_answer.webp,,"","如圖，質量為$m$、帶有正電量的小球緊繫於長為$L$的細繩一端，細繩的另一端則固定在$O$點處。假設空間中有水平向右的均勻電場$E$，重力場強度為$g$、方向向下，小球在圖中$P$點處呈靜力平衡。若要使小球自$P$點出現能繞$O$點旋轉一周，則小球在$P$點的初速至少應為______。"
exam-1765249255349,114 羅東高中,1,114,羅東高中,114羅東高中-物理-試題.pdf,q-1765249255363-16,16,Mechanics,Medium,1,Verified,images/114_羅東高中_114羅東高中_物理_試題_q16_problem.webp,images/114_羅東高中_114羅東高中_物理_試題_q16_answer.webp,,"","如圖所示，在光滑水平桌面上，置有一長度為 $d$、質量可以忽略的細桿，其兩端都固結各有一質量為 $m$ 的質點。另一質量為 $m$ 的質點，沿著垂直於細桿的方向入射，以速度 $v$ 撞擊細桿一端的質點，且撞後合為一體。若以撞後的系統質心為參考點，則撞後瞬間合體端(即 $2m$ 處)的速率為 $x$，質量 $m$ 端的速率為 $y$，則 $(x, y)$ 為______。"
exam-1765249255349,114 羅東高中,1,114,羅東高中,114羅東高中-物理-試題.pdf,q-1765249255363-17,17,Mechanics,Medium,1,Verified,images/114_羅東高中_114羅東高中_物理_試題_q17_problem.webp,images/114_羅東高中_114羅東高中_物理_試題_q17_answer.webp,,"","小明在操場跑步，當他以 1 m/s 的速度往東跑時，會感覺風從東北方吹來；當他改以 7 m/s 的速度往南跑時，感覺風從東南方吹來。假設風的速度與方向一直保持不變，取正東方 為 $x$ 軸，正北方為 $y$ 軸，則當人靜止不動時，會感覺風的速度為 $(v_x, v_y)$ 為 ______。"
exam-1765249255349,114 羅東高中,1,114,羅東高中,114羅東高中-物理-試題.pdf,q-1765249255363-18,18,Waves & Oscillations,Medium,1,Verified,images/114_羅東高中_114羅東高中_物理_試題_q18_problem.webp,images/114_羅東高中_114羅東高中_物理_試題_q18_answer.webp,,"","如圖所示，一根輕彈簧兩端與質量各為 $m_1$ 和 $m_2$ 的木塊相連，垂直放在地板 上，則至少要施多大的力 $F$ 向下壓 $m_1$，才可使突然撤去外力 $F$ 後 $m_2$ 恰好 可以離開地面？"
exam-1765249255349,114 羅東高中,1,114,羅東高中,114羅東高中-物理-試題.pdf,q-1765249255363-19,19,Mechanics,Medium,1,Verified,images/114_羅東高中_114羅東高中_物理_試題_q19_problem.webp,images/114_羅東高中_114羅東高中_物理_試題_q19_answer.webp,,"","一力常數為 $k$ 的理想輕彈簧和一質量為 $m$、半徑為 $R$ 的圓盤中心 相連，放置於水平桌面上，如圖所示，圓盤相對於中垂軸的轉動慣 量為 $\frac{1}{2}mR^2$。若圓盤與地面之間有摩擦力作用，且圓盤作純滾動，則 此彈簧－圓盤系統的振動週期為 ______。"
exam-1765249255349,114 羅東高中,1,114,羅東高中,114羅東高中-物理-試題.pdf,q-1765249255363-20,20,Thermodynamics,Medium,1,Verified,images/114_羅東高中_114羅東高中_物理_試題_q20_problem.webp,images/114_羅東高中_114羅東高中_物理_試題_q20_answer.webp,,"","一質量為 $M$，半徑為 $r$ 的圓球，在一斜角為 $\theta$ 的粗 糙長斜面上，以初速 $v_0$ 向上作純滾動，如圖所示。 已知圓球繞直徑的轉動慣量 $I=\frac{2}{5}Mr^2$，問該球從開 始上坡至最後滾回原起始位置，所經歷的時間為何？"
exam-1765249255349,114 羅東高中,1,114,羅東高中,114羅東高中-物理-試題.pdf,q-1765249255363-21,21,Waves & Oscillations,Medium,1,Verified,images/114_羅東高中_114羅東高中_物理_試題_q21_problem.webp,images/114_羅東高中_114羅東高中_物理_試題_q21_answer.webp,,"","已知氦氣的莫耳質量為 $4g$，其平均定容比熱為 $3\frac{cal}{mol\cdot K}$，理想氣體常數為 $2\frac{cal}{mol\cdot K}$，現有質量 $1g$ 的氦氣在標準一大氣壓下由 $-20^\circ C$ 加熱至 $100^\circ C$，則氦氣在此加熱過程中須對外界作功為 ______ $cal$。"
exam-1765249255349,114 羅東高中,1,114,羅東高中,114羅東高中-物理-試題.pdf,q-1765249255363-22,22,Waves & Oscillations,Medium,1,Verified,images/114_羅東高中_114羅東高中_物理_試題_q22_problem.webp,images/114_羅東高中_114羅東高中_物理_試題_q22_answer.webp,,"","如圖，在光滑橫桿上有一個串珠 A，質量為 $M$，串珠上繫有一長度為 $L$ 的線，下端懸掛有另一個串珠 B，質量也為 $M$，而 O 為固定點。今見串珠 A 沿著橫桿做來回運動、串珠 B 作小角度的擺動，不計空氣阻力，重力加速度為 $g$，則串珠 A 來回運動的週期為 ______ 。"
exam-1765249255349,114 羅東高中,1,114,羅東高中,114羅東高中-物理-試題.pdf,q-1765249255363-23,23,Astrophysics,Medium,1,Verified,images/114_羅東高中_114羅東高中_物理_試題_q23_problem.webp,images/114_羅東高中_114羅東高中_物理_試題_q23_answer.webp,,"","下列三個波動方程式：(甲)$y=2\sin(4x-2t)$、(乙)$y=\sin(3x-4t)$、(丙)$y=2\sin(3x-3t)$ 中，若波速最快的是 $a$、垂直於波行進方向有最快速率的是 $b$，則 $(a,b)=$ ______ (以「甲、乙或丙」組成的數對表達)"
exam-1765249255349,114 羅東高中,1,114,羅東高中,114羅東高中-物理-試題.pdf,q-1765249255363-24,24,Mechanics,Medium,1,Verified,images/114_羅東高中_114羅東高中_物理_試題_q24_problem.webp,images/114_羅東高中_114羅東高中_物理_試題_q24_answer.webp,,"","考慮一個由小行星與一個恆星所組成的系統，質量為 $m$ 的小行星在半徑為 $r$ 的圓形軌道上繞質量為 $M$ 的恆星運行，其運行速率為 $v$。今有一質量也為 $m$ 的隕石自無窮遠處以相同的速率 $v$ 進入此系統，當隕石通過此系統後，其趨近於無窮遠處的速率變為原來的一半，且在隕石離開後，小行星仍以圓軌道繞恆星運行。若不考慮自轉的影響，則最後小行星運行的軌道半徑變為原來的 ______ 倍。"
exam-1765249255349,114 羅東高中,1,114,羅東高中,114羅東高中-物理-試題.pdf,q-1765249255363-25,25,Waves & Oscillations,Medium,0,Verified,images/114_羅東高中_114羅東高中_物理_試題_q25_problem.webp,,,"","有一沙漏置於電子磅秤上，一開始沙粒均靜止於沙漏的底部，此時磅秤讀數為 $W_0$。後來將此沙漏及轉仍置於同一磅秤上，則在沙漏內沙粒仍穩定落下的期間，磅秤顯示的讀數會比 $W_0$ 大？小？還是相等？請說明原因。(假設沙子落至沙漏底部時靜止不反彈，且沙子在底部堆疊成堆時的高度可忽略不計)"
exam-1765249255349,114 羅東高中,1,114,羅東高中,114羅東高中-物理-試題.pdf,q-1765249255363-26,26,Optics,Medium,0,Verified,images/114_羅東高中_114羅東高中_物理_試題_q26_problem.webp,,,"","已知某地的聲速為 $V$，一聲源以速率 $v_s$ 接近靜止不動的觀察者$(v_s \le V)$，當時無風且聲源的發音頻率為 $f_0$，則觀察者會聽到聲音頻率升高為 $f$，試推導出 $f$ 與 $f_0$ 的關係式。"
exam-1765249255349,114 羅東高中,1,114,羅東高中,114羅東高中-物理-試題.pdf,q-1765249255363-27,27,Waves & Oscillations,Medium,0,Verified,images/114_羅東高中_114羅東高中_物理_試題_q27_problem.webp,,,"","民國 91 年的指考其中一個試題：「在一個雙狹縫干涉實驗中，光的波長為 $550$ nm，兩狹縫的間隔為 $220\,\mu m$，兩狹縫至屏幕的距離為 $50.0$ cm，則在屏幕上，中央干涉亮帶與第一干涉亮帶的中心，其間隔為何？」若某學生所作計算過程如下：$y = \frac{L}{d}\lambda = \frac{50.0 \times 10^{-2}}{220 \times 10^{-6}} \times 550 \times 10^{-9} = 1.25 \times 10^{-3} \text{ (m)}$請問這個過程是正確的嗎？若有錯誤，請說明其原因。"
exam-1765249255349,114 羅東高中,1,114,羅東高中,114羅東高中-物理-試題.pdf,q-1765249255363-28,28,Mechanics,Medium,0,Verified,images/114_羅東高中_114羅東高中_物理_試題_q28_problem.webp,,,"","週期波在 $x$ 軸上傳播，傳播的速度大小相等，但其中一列沿正 $x$ 方向傳播 (如圖中實線所示)，一列沿負 $x$ 方向傳播 (如圖中虛線所示)。這兩正弦波頻率相等，振動方向平行 $y$ 軸，且振幅相等。在某時刻 $t$ 時，這兩正弦波的波形如圖所示。(1)兩正弦波的合成波在 $x=0$m、$1$m、$2$m、$3$m、$4$m 各點中，哪些是節點？(3分)(2)此時合成波的波形消失，請問合成波的能量以何種形式呈現？(2分)"
exam-1765249255349,114 羅東高中,1,114,羅東高中,114羅東高中-物理-試題.pdf,q-1765249384566-29,29,Uncategorized,Medium,0,Verified,images/114_羅東高中_114羅東高中_物理_試題_q29_problem.webp,,,"","在光滑無摩擦的水平面上，有一質量為 $M$，半徑為 $R$ 的圓盤，其直徑兩端繫結兩條質量可忽略，長度同為 $\ell$ 的細繩。起始時，細繩被拉直，且在繩端各繫有一質量 $m$ 的質點，如圖所示。某一瞬時，在垂直細繩的方向上，給予兩質點初速度 $v$，則當細繩最後纏繞圓盤，且其繩端所繫的兩質點緊貼在圓盤周緣時，求兩質點和圓盤繞盤中心的轉動角速率為何？(註：圓盤繞盤中心之轉動慣量 $I = \frac{1}{2}MR^2$)"
exam-1765249982882,114 麗山高中,1,114,麗山高中,114麗山高中-物理-試題.pdf,q-1765249982903-0,1,Electromagnetism,Medium,1,Verified,images/114_麗山高中_114麗山高中_物理_試題_q1_problem.webp,images/114_麗山高中_114麗山高中_物理_試題_q1_answer.webp,,"","在湯姆森的實驗中，陰極射線可直線通過長為 $L$ 的均勻電場 $\vec{E}$ 和均勻磁場 $\vec{B}$ 的交叉區域，且陰極射線的速度和電場與磁場兩兩垂直，如圖所示。若除去磁場 $\vec{B}$，相同速度的陰極射線恰通過電場 $\vec{E}$ 時的偏移量為 $d$，藉此可求得電子荷質比。若除去電場 $\vec{E}$，相同速度的陰極射線恰通過平行金屬板時的偏移量為 $S$，則電子荷質比為 ______ 。"
exam-1765249982882,114 麗山高中,1,114,麗山高中,114麗山高中-物理-試題.pdf,q-1765249982903-1,2,Thermodynamics,Medium,1,Verified,images/114_麗山高中_114麗山高中_物理_試題_q2_problem.webp,images/114_麗山高中_114麗山高中_物理_試題_q2_answer.webp,,"","有一密閉絕熱容器，以隔板將其隔成體積比為 $1:2$ 的左右兩室。左室裝入 $1 \text{ atm}$、溫度 $300 \text{ K}$ 的氦氣，右室裝入 $2 \text{ atm}$、溫度 $600 \text{ K}$ 的氖氣。若拆除隔板使兩室氣體混合，則混合後氣體的平衡溫度為 ______ $\text{K}$。"
exam-1765249982882,114 麗山高中,1,114,麗山高中,114麗山高中-物理-試題.pdf,q-1765249982903-2,3,Optics,Medium,1,Verified,images/114_麗山高中_114麗山高中_物理_試題_q3_problem.webp,images/114_麗山高中_114麗山高中_物理_試題_q3_answer.webp,,"","眼睛是人類靈魂之窗，構造細密，角膜、水晶體和視網膜是其中約三部分。科學家和醫師為探討和說明眼睛看物體的成像機制，將人眼成像機制簡化成等效模型，如圖所示。圖中的凸透鏡相當於眼球的透鏡功能，凸透鏡前方表面如同人眼的角膜位置，成像面代表人眼視網膜位置。等效模型的凸透鏡前方介質的折射率 $n$ 皆為 $1$，而成像面在透鏡後方 $28 \text{ mm}$ 處，正常視力的意義是指在觀測一個在無窮遠處的目標物如一面國旗時，此目標物的成像恰在視網膜的成像面。一名罹患近視眼的學生，未配戴矯正鏡片時，觀測很遠處的一面國旗，此時國旗的成像卻在圖中等效模型中透鏡後方 $25 \text{ mm}$ 處，該名學生若未配戴矯正鏡片，卻想看到這面國旗的清楚影像，則國旗最遠可插在透鏡前方 ______ $\text{cm}$ 處。"
exam-1765249982882,114 麗山高中,1,114,麗山高中,114麗山高中-物理-試題.pdf,q-1765249982903-3,4,Optics,Medium,1,Verified,images/114_麗山高中_114麗山高中_物理_試題_q4_problem.webp,images/114_麗山高中_114麗山高中_物理_試題_q4_answer.webp,,"","承接上題 (第 $3$ 題)，上一題的答案說明這名罹患近視眼的學生，在近視狀況能清楚看見物體的最遠距離。若要矯正該學生的視力，宜就醫診斷，專業醫師引導該生配戴適宜鏡片，矯正後才能具有正常視力。若此鏡片置於上圖等效模型的凸透鏡前方 $20 \text{ mm}$ 處，則此鏡片應為何種透鏡？焦距約為多少 $\text{cm}$？答案為 ______ 。(寫出透鏡種類和焦距)"
exam-1765249982882,114 麗山高中,1,114,麗山高中,114麗山高中-物理-試題.pdf,q-1765249982903-4,5,Circuit,Medium,1,Verified,images/114_麗山高中_114麗山高中_物理_試題_q5_problem.webp,images/114_麗山高中_114麗山高中_物理_試題_q5_answer.webp,,"","一含有電池與電阻器的電路如右圖所示，兩電池電動勢分別為 $4 \text{ V}$ 與 $1 \text{ V}$，電阻器的電阻值分別為 $R_1=10 \ \Omega$，$R_2=5 \ \Omega$，$R_3=10 \ \Omega$，流經電阻器 $R_1$、$R_2$ 的電流各為 $I_1$、$I_2$，則______安培。"
exam-1765249982882,114 麗山高中,1,114,麗山高中,114麗山高中-物理-試題.pdf,q-1765249982903-5,6,Mechanics,Medium,1,Verified,images/114_麗山高中_114麗山高中_物理_試題_q6_problem.webp,images/114_麗山高中_114麗山高中_物理_試題_q6_answer.webp,,"","一長度為 $L$、質量為 $M$ 的均勻細長棍棒與一質點小球置於一平滑桌面上。今在同一平滑桌面上有一質量為 $m$、初速為 $v$ 的質點小球，以彈性碰撞方式垂直撞擊其棒的一端使其從靜止開始運動，而撞擊後小球恰好呈現靜止狀態，則 $\frac{m}{M}$ 為______。（長棒相對關於質心之轉動慣量 $I = \frac{ML^2}{12}$）"
exam-1765249982882,114 麗山高中,1,114,麗山高中,114麗山高中-物理-試題.pdf,q-1765249982903-6,7,Mechanics,Medium,1,Verified,images/114_麗山高中_114麗山高中_物理_試題_q7_problem.webp,images/114_麗山高中_114麗山高中_物理_試題_q7_answer.webp,,"","設地球為均勻球體，密度為 $d$，則兩個完全相同的單擺，在北極點的擺動週期與在赤道上的擺動週期之比值為______。（地球自轉之角速率為 $\omega$，重力常數為 $G$）"
exam-1765249982882,114 麗山高中,1,114,麗山高中,114麗山高中-物理-試題.pdf,q-1765249982903-7,8,Mechanics,Medium,1,Verified,images/114_麗山高中_114麗山高中_物理_試題_q8_problem.webp,images/114_麗山高中_114麗山高中_物理_試題_q8_answer.webp,,"","麗山高中曾經利用注射筒製作火箭，作為探究與實作課程。今外界大氣壓力為 $P$，注射筒筒身質量為 $M$，注射筒活塞質量為 $m$，注射筒內截面積為 $A$。實驗步驟如下：步驟一、將注射筒活塞推到底，擠出筒內空氣。步驟二、將注射筒口蓋緊塞子。步驟三、將注射筒筒身及推到底的注射筒活塞，垂直置放在質量無窮大發射座。步驟四、施力下拉活塞距離 $L$。步驟五、隨即放手，活塞與筒身碰撞。步驟六、注射筒火箭升空。今重力加速度為 $g$，請求出升高高度 $H$ 為______。（請以 $P$、$M$、$m$、$g$、$A$、$L$ 表示）"
exam-1765249982882,114 麗山高中,1,114,麗山高中,114麗山高中-物理-試題.pdf,q-1765249982903-8,9,Optics,Medium,1,Verified,images/114_麗山高中_114麗山高中_物理_試題_q9_problem.webp,images/114_麗山高中_114麗山高中_物理_試題_q9_answer.webp,,"","如圖所示，在折射率為 $n_2$、厚度為 $d$ 的玻璃上鍍一層折射率為 $n_1 (n_1 > n_2)$、厚度為 $t$ 的透明薄膜，且玻璃厚度遠大於薄膜 $(d 	ext{ 	extgreater	extgreater } t)$。今一道白光以入射角 $	heta_i$ 照射薄膜，某些特定波長的光不會出現反射，則這些部分會反射的光，其波長 $	ext{\lambda}$ 滿足的數學形式為______。"
exam-1765249982882,114 麗山高中,1,114,麗山高中,114麗山高中-物理-試題.pdf,q-1765249982903-9,10,Mechanics,Medium,1,Verified,images/114_麗山高中_114麗山高中_物理_試題_q10_problem.webp,images/114_麗山高中_114麗山高中_物理_試題_q10_answer.webp,,"","一彈簧上端固定於牆壁上，下端繫著質量為 $M$ 的物體而達平衡。突然間 $M$ 爆裂成質量 $1:3$ 的兩碎片 $A$、$B$，其中物體 $B$ 爆炸後瞬間下落速率為 $v_1$，經過一段時間後，物體 $B$ 的下落速率變為 $v_2$，且此時物體 $A$ 上升的速率為 $u$。則這段時間中，彈力對物體 $A$ 所作用的衝量為______。"
exam-1765249982882,114 麗山高中,1,114,麗山高中,114麗山高中-物理-試題.pdf,q-1765249982903-10,11,Waves & Oscillations,Medium,1,Verified,images/114_麗山高中_114麗山高中_物理_試題_q11_problem.webp,images/114_麗山高中_114麗山高中_物理_試題_q11_answer.webp,,"","當觀察者和頻率為 $240\text{ Hz}$ 的聲源以相對地面對速度 $v$ 相互靠近時，觀察者測得聲源的頻率為 $288\text{ Hz}$。而當觀察者和聲源相對地以相同的速度 $v$ 相互遠離時，觀察者測量到的聲源頻率為______ $\text{Hz}$。"
exam-1765249982882,114 麗山高中,1,114,麗山高中,114麗山高中-物理-試題.pdf,q-1765249982903-11,12,Mechanics,Medium,1,Verified,images/114_麗山高中_114麗山高中_物理_試題_q12_problem.webp,images/114_麗山高中_114麗山高中_物理_試題_q12_answer.webp,,"","一名游泳者在平靜的湖面中，以 $2\sqrt{2}\text{ m/s}$ 的恆定速度向正東北方游泳。有一艘船以 $1\text{ m/s}$ 的恆定速度向正東行駛，游泳者從該艘船尾的鏡子中觀察到自己的影像，則在鏡子中觀察到自己影像的速度為______ $\text{m/s}$。"
exam-1765249982882,114 麗山高中,1,114,麗山高中,114麗山高中-物理-試題.pdf,q-1765249982903-12,13,Thermodynamics,Medium,1,Verified,images/114_麗山高中_114麗山高中_物理_試題_q13_problem.webp,images/114_麗山高中_114麗山高中_物理_試題_q13_answer.webp,,"","一般氣體的內能$U=\frac{f}{5}nRT$，其中$f$是自由度、$n$是摩爾數、$R$是通用氣體常數、$T$是溫度。雙原子氣體在等溫度下作平移運動及轉動運動，根據雙原子氣體的自由度，則其摩爾熱容量是多少？______"
exam-1765249982882,114 麗山高中,1,114,麗山高中,114麗山高中-物理-試題.pdf,q-1765249982903-13,14,Optics,Medium,1,Verified,images/114_麗山高中_114麗山高中_物理_試題_q14_problem.webp,images/114_麗山高中_114麗山高中_物理_試題_q14_answer.webp,,"","在楊氏雙縫實驗中，屏幕位於距離狹縫$1\text{ m}$處，以光的波長為$5000\text{ Å}$照射兩狹縫。兩狹縫$\text{A}$和$\text{B}$間距因熱效應而改變，狹縫間的距離最大值為$1.0\text{ mm}$，最小值為$0.8\text{ mm}$。則在螢幕上的干涉圖案的最大和最小條紋寬度差為何？______ $\text{mm}$。"
exam-1765249982882,114 麗山高中,1,114,麗山高中,114麗山高中-物理-試題.pdf,q-1765249982903-14,15,Modern Physics,Medium,1,Verified,images/114_麗山高中_114麗山高中_物理_試題_q15_problem.webp,images/114_麗山高中_114麗山高中_物理_試題_q15_answer.webp,,"","核融合反應: $^2_1H + ^2_1H = ^4_2He$, 涉及兩個氫($^2_1H$)原子的參與作用，其中每個氫原子的質量為 $2.0140 \text{ amu}$、氦原子的質量為 $4.0026 \text{ amu}$。假設 $1 \text{ kg}$ 的氫 (約含 $3 \times 10^{26}$ 個氫原子) 經歷核融合過程，計算其釋放的總能量。( $1 \text{ amu} = 1.6605 \times 10^{-27} \text{ kg}$、光速 $c = 3 \times 10^8 \text{ kg}$ ) ______ J。"
exam-1765249982882,114 麗山高中,1,114,麗山高中,114麗山高中-物理-試題.pdf,q-1765249982903-15,16,Electromagnetism,Medium,0,Verified,images/114_麗山高中_114麗山高中_物理_試題_q16_problem.webp,,,"","均勻帶電荷的非導體實心球，其半徑為$R$、帶均勻分佈正電荷$Q$，則(1)計算電場$E(r)$，即在球體內部($r<R$)及外部($r>R$)的關係，並繪製$E$對$r$的關係圖。(2)計算電位$V(r)$，即在球體內部($r<R$)及外部($r>R$)的關係，並繪製$V$對$r$的關係圖。"
exam-1765249982882,114 麗山高中,1,114,麗山高中,114麗山高中-物理-試題.pdf,q-1765249982903-16,17,Modern Physics,Medium,0,Verified,images/114_麗山高中_114麗山高中_物理_試題_q17_problem.webp,,,"","在光電效應實驗中，使用金屬表面的功函數為 $3\times 10^{-19}\text{ J}$，並以頻率為 $1\times 10^{15}\text{ Hz}$ 的單色光入射到該金屬表面。已知普朗克常數 $h=6\times 10^{-34}\text{ J}\cdot\text{s}$、基本電荷 $e=1.6\times 10^{-19}\text{ C}$。(1) 發射電子的最大動能為何？(2) 停止光電子發射所需的截止電壓為何？(3) 金屬的底限頻率為何？"
exam-1765249982882,114 麗山高中,1,114,麗山高中,114麗山高中-物理-試題.pdf,q-1765249982903-17,18,Modern Physics,Medium,0,Verified,images/114_麗山高中_114麗山高中_物理_試題_q18_problem.webp,,,"","今年是量子科技年，也是量子力學 100 週年。請說明(1) 物理學家波耳在 1913 年提出的定態軌道原子模型理論。(4 分)(2) 物理學家德布羅意後來提出的物質波理論，並闡述波耳定態軌道原子模型理論的相關性。(6 分)"
exam-1765249982882,114 麗山高中,1,114,麗山高中,114麗山高中-物理-試題.pdf,q-1765249982903-18,19,Mechanics,Medium,0,Verified,images/114_麗山高中_114麗山高中_物理_試題_q19_problem.webp,,,"","阿特午機 (Atwood's machine) 是用細繩繞過無質量定滑輪，細繩兩端分別繫上兩質量不同砝碼，質量較重砝碼由高處落下的同時，拉動質量較輕砝碼上升。請利用阿特午機裝置進行牛頓第二定律實驗。現在有細線、定滑輪、鐵架、三爪夾、$60.0 \text{ cm}$ 長鐵尺，五個砝碼 ($10.0 \text{ g}$ 一個、$20.0 \text{ g}$ 兩個、$50.0 \text{ g}$ 兩個)，加上質量為 $150 \text{ g}$ 的智慧手機 (手機有加速度感應器、攝影機與 Video Physics、Tracker、PhyPhox 等軟體)。令重力加速度為 $10.0 \text{ m/s}^2$。(1) 請畫出此阿特午機實驗裝置圖，需標記裝置圖中各儀器名稱及規格。(3 分)(2) 請寫出研究目的，例如控制什麼變因？改變什麼物理量？觀測什麼物理量？並請依照研究目的設計實驗表格，表格上方需有表頭說明，且需含有理論實際數值與實驗值欄位。(4 分)(3) 請依據上述設計的表格，自行設定至少 $5$ 組數據，繪製函數圖表，橫軸為改變的變因，縱軸為測量或理論計算的結果。請適度調整縱軸，讓圖表呈現線性函數。需要標示刻度、單位、理論值斜率以及附圖下方說明文字。(3 分)"